# Noyau de la comète de Halley : forme APPROCHÉE (tools/make-halley-shape.mjs), unités : km
v -3.8304 2.6558 0.0000
v 3.9628 3.2021 0.0000
v -4.1385 -2.8694 0.0000
v 4.2031 -3.3962 0.0000
v 0.0000 -1.3293 2.1509
v 0.0000 1.2736 2.0607
v 0.0000 -1.2780 -2.0678
v 0.0000 1.3331 -2.1570
v 6.4920 0.0000 -2.0627
v 6.4858 0.0000 2.0607
v -6.4940 0.0000 -1.7137
v -6.6228 0.0000 1.7477
v -6.1897 1.6354 1.0108
v -3.7202 0.9827 2.5728
v -2.3321 2.4369 1.5061
v 2.3813 2.7673 1.7103
v 0.0000 2.3839 0.0000
v 2.3506 2.7315 -1.6882
v -2.3914 2.4989 -1.5444
v -3.7145 0.9812 -2.5688
v -6.2366 1.6478 -1.0184
v -7.6880 0.0000 0.0000
v 3.8520 1.1808 3.0914
v 6.1389 1.9481 1.2040
v -3.8508 -1.0172 2.6631
v 0.0000 0.0000 2.6785
v -6.0480 -1.5980 -0.9876
v -5.9648 -1.5760 0.9740
v 0.0000 0.0000 -2.3886
v -3.8304 -1.0118 -2.6490
v 5.9409 1.8853 -1.1652
v 3.8345 1.1754 -3.0773
v 6.1780 -1.9605 1.2116
v 3.9315 -1.2052 3.1552
v 2.3484 -2.7290 1.6866
v -2.4274 -2.5365 1.5677
v 0.0000 -2.3900 0.0000
v -2.3766 -2.4834 -1.5348
v 2.3313 -2.7091 -1.6743
v 3.9184 -1.2011 -3.1446
v 6.2302 -1.9771 -1.2219
v 6.9777 0.0000 0.0000
v -5.2381 2.2744 0.5204
v -4.5093 2.2685 1.4020
v -3.2070 2.6919 0.8110
v -5.2892 0.5191 2.2423
v -5.1875 1.3759 1.9015
v -6.7844 0.8724 1.4565
v -1.2113 1.8501 1.8722
v -3.3265 1.9363 2.2670
v -2.0169 1.2969 2.5785
v -1.2133 2.5155 0.6953
v -2.0241 2.7729 0.0000
v 1.2002 1.9457 1.9688
v 0.0000 2.1472 1.3270
v 2.1240 3.2030 0.0000
v 1.2784 2.8150 0.7781
v 3.3473 3.2199 0.9701
v -1.2607 2.6138 -0.7224
v -3.3537 2.8150 -0.8481
v 3.3852 3.2564 -0.9810
v 1.2638 2.7829 -0.7692
v -1.2348 1.8860 -1.9085
v 0.0000 2.1821 -1.3486
v 1.2333 1.9994 -2.0232
v -4.5853 2.3068 -1.4257
v -5.2644 2.2858 -0.5230
v -1.9649 1.2635 -2.5121
v -3.1553 1.8366 -2.1504
v -6.3128 0.8118 -1.3553
v -5.2344 1.3883 -1.9186
v -5.2471 0.5150 -2.2244
v -6.6638 1.7585 0.0000
v -7.7967 0.0000 -0.9432
v -7.4184 0.8733 -0.5398
v -7.3683 0.8674 0.5361
v -7.4215 0.0000 0.8978
v 4.4012 2.6039 1.6093
v 5.3353 2.7573 0.6308
v 2.0426 1.4400 2.8630
v 3.2137 2.1399 2.5054
v 6.6536 1.0308 1.7210
v 5.1180 1.6148 2.2316
v 5.2100 0.6091 2.6308
v -1.9720 0.4705 2.7545
v 0.0000 0.7062 2.4861
v -5.4779 -0.5377 2.3223
v -4.0088 0.0000 2.7795
v 0.0000 -0.6603 2.3244
v -1.9365 -0.4620 2.7049
v -1.9317 -1.2421 2.4695
v -7.1639 -0.8434 0.5212
v -6.4645 -0.8313 1.3878
v -6.2800 -0.8076 -1.3482
v -7.1811 -0.8454 -0.5225
v -5.1980 -2.2570 0.5164
v -6.5693 -1.7336 0.0000
v -5.3221 -2.3109 -0.5287
v -4.0981 0.0000 -2.8414
v -5.3117 -0.5213 -2.2518
v 0.0000 0.6671 -2.3483
v -2.0374 0.4861 -2.8458
v -2.0270 -1.3034 -2.5914
v -1.9877 -0.4743 -2.7763
v 0.0000 -0.6643 -2.3386
v 3.2258 2.1479 -2.5148
v 1.9489 1.3739 -2.7317
v 5.4396 2.8111 -0.6432
v 4.4975 2.6609 -1.6445
v 5.4189 0.6335 -2.7364
v 5.4554 1.7213 -2.3787
v 6.6023 1.0229 -1.7077
v 5.0513 -2.6105 0.5973
v 4.4581 -2.6376 1.6301
v 3.2997 -3.1742 0.9563
v 5.3914 -0.6303 2.7225
v 5.1921 -1.6382 2.2639
v 6.5412 -1.0134 1.6919
v 1.2532 -2.0315 2.0557
v 3.1916 -2.1252 2.4882
v 2.0018 -1.4113 2.8059
v 1.2259 -2.6996 0.7461
v 2.1691 -3.2711 0.0000
v -1.2412 -1.8958 1.9184
v 0.0000 -2.0637 1.2754
v -2.1690 -2.9715 0.0000
v -1.2593 -2.6110 0.7217
v -3.4470 -2.8933 0.8717
v 1.1953 -2.6321 -0.7275
v 3.3328 -3.2060 -0.9659
v -3.3096 -2.7781 -0.8369
v -1.2373 -2.5653 -0.7090
v 1.1865 -1.9234 -1.9463
v 0.0000 -2.1084 -1.3031
v -1.2768 -1.9502 -1.9734
v 4.3161 -2.5536 -1.5782
v 5.1503 -2.6617 -0.6090
v 2.0140 -1.4199 -2.8230
v 3.1558 -2.1013 -2.4603
v 6.9518 -1.0770 -1.7981
v 5.0372 -1.5893 -2.1964
v 5.4001 -0.6313 -2.7269
v 6.3641 -2.0221 0.0000
v 7.2819 0.0000 -1.0660
v 7.4191 -1.0565 -0.6530
v 7.3574 -1.0477 0.6475
v 7.3532 0.0000 1.0765
v 2.0467 -0.5359 3.1371
v 4.1093 0.0000 3.3205
v 2.0930 0.5480 3.2082
v -4.3568 -2.1918 1.3546
v -3.4631 -2.0158 2.3601
v -5.3177 -1.4104 1.9492
v -3.2302 -1.8802 -2.2014
v -4.5688 -2.2985 -1.4205
v -5.3040 -1.4068 -1.9442
v 4.0196 0.0000 -3.2480
v 1.9884 -0.5206 -3.0478
v 1.9412 0.5083 -2.9754
v 7.2829 1.0371 0.6410
v 7.4408 1.0596 -0.6549
v 6.4700 2.0557 0.0000
v -4.6408 2.5392 0.2627
v -4.2929 2.5586 0.6876
v -3.5869 2.7316 0.4143
v -5.5392 2.0210 1.2491
v -4.9718 2.3169 0.9765
v -5.8779 2.0133 0.7866
v -2.7924 2.5994 1.1816
v -3.9076 2.5397 1.1221
v -3.4681 2.4561 1.5179
v -6.0282 0.2668 2.0257
v -6.0191 0.6919 1.8555
v -6.7618 0.4378 1.6165
v -4.4921 1.1930 2.2693
v -5.1886 0.9381 2.0518
v -4.5358 0.7616 2.4369
v -6.5826 1.2779 1.2493
v -5.9270 1.1205 1.6706
v -5.7842 1.5308 1.4836
v -0.6126 1.5540 1.9785
v -1.6446 1.6329 2.2657
v -0.9964 1.2700 2.2675
v -2.9281 2.3008 1.9571
v -2.3003 1.9907 2.1595
v -1.8450 2.2317 1.7851
v -2.8721 1.1658 2.6232
v -2.6684 1.6232 2.4640
v -3.5615 1.4684 2.4515
v -4.9145 1.8424 1.6762
v -4.2743 1.6700 2.1033
v -3.9737 2.1422 1.8695
v -2.6516 2.8085 0.4000
v -2.9554 2.8044 0.0000
v -1.7952 2.5367 1.0995
v -2.1836 2.6371 0.7601
v -1.0073 2.5098 0.0000
v -1.6261 2.6598 0.3655
v -0.6260 2.5132 0.3386
v 0.6058 1.5848 2.0178
v 0.0000 1.7268 1.7473
v 1.1979 2.4025 1.4848
v 0.6123 2.0287 1.6127
v 1.8075 2.3803 1.9040
v -0.6114 1.9640 1.5613
v -1.1736 2.2209 1.3726
v 3.1854 3.4413 0.0000
v 2.7889 3.3275 0.4740
v 3.7791 3.3304 0.5052
v 0.6323 2.6187 0.3528
v 1.7267 3.0583 0.4202
v 1.0348 2.7147 0.0000
v 2.9519 3.1081 1.4129
v 2.3049 3.0889 0.8903
v 1.8393 2.8310 1.2271
v -0.6456 2.3935 1.0476
v 0.6573 2.5142 1.1005
v 0.0000 2.4738 0.6837
v -2.7309 2.8925 -0.4120
v -3.6809 2.8031 -0.4252
v -0.6396 2.5678 -0.3460
v -1.7152 2.8055 -0.3855
v -3.0047 2.7970 -1.2714
v -2.4052 2.9048 -0.8372
v -1.9182 2.7106 -1.1748
v 3.8403 3.3844 -0.5134
v 2.7672 3.3017 -0.4703
v 1.7864 2.7497 -1.1918
v 2.2325 2.9919 -0.8623
v 2.8682 3.0200 -1.3728
v 1.6713 2.9602 -0.4068
v 0.6151 2.5478 -0.3433
v -0.6309 1.6002 -2.0374
v 0.0000 1.8225 -1.8442
v 0.6337 1.6578 -2.1107
v -1.1800 2.2330 -1.3801
v -0.6253 2.0087 -1.5968
v -1.7932 2.1691 -1.7350
v 1.7862 2.3523 -1.8815
v 0.6265 2.0756 -1.6501
v 1.1816 2.3699 -1.4647
v 0.0000 2.3909 -0.6608
v 0.6233 2.3842 -1.0436
v -0.6400 2.3728 -1.0386
v -4.4608 2.6587 -0.7145
v -4.6872 2.5646 -0.2653
v -3.4857 2.4686 -1.5257
v -4.0174 2.6110 -1.1536
v -5.7568 1.9718 -0.7704
v -4.9548 2.3089 -0.9732
v -5.3149 1.9392 -1.1985
v -0.9827 1.2526 -2.2363
v -1.5845 1.5733 -2.1830
v -3.3942 1.3994 -2.3363
v -2.5473 1.5495 -2.3521
v -2.8525 1.1578 -2.6053
v -2.2038 1.9071 -2.0688
v -2.7393 2.1524 -1.8309
v -6.5670 0.4252 -1.5699
v -5.9133 0.6798 -1.8229
v -5.9031 0.2613 -1.9837
v -5.7139 1.5122 -1.4656
v -5.8852 1.1125 -1.6588
v -6.4896 1.2598 -1.2317
v -4.5119 0.7575 -2.4240
v -5.2397 0.9474 -2.0721
v -4.3807 1.1635 -2.2131
v -3.8403 2.0703 -1.8067
v -4.2296 1.6526 -2.0814
v -4.9259 1.8466 -1.6801
v -5.5979 2.4300 0.0000
v -6.5517 1.7295 -0.5210
v -6.0439 2.0560 -0.2690
v -6.0354 2.0531 0.2686
v -6.4408 1.7002 0.5122
v -6.9955 0.0000 -1.3145
v -7.1359 0.4332 -1.1787
v -7.7848 0.4464 -0.2759
v -7.5770 0.4433 -0.7349
v -7.7871 0.0000 -0.4616
v -6.8658 0.8435 -0.9623
v -6.8441 1.2653 -0.7820
v -7.2089 0.4376 1.1907
v -7.1317 0.0000 1.3401
v -6.9161 1.2786 0.7902
v -7.0029 0.8604 0.9815
v -7.4080 0.0000 0.4391
v -7.5019 0.4389 0.7276
v -7.6061 0.4362 0.2696
v -7.1980 1.3431 -0.2767
v -7.5170 0.8847 0.0000
v -7.3611 1.3735 0.2830
v 4.3668 3.0539 0.8207
v 4.6721 3.0170 0.3121
v 3.5427 2.8869 1.7842
v 3.9526 2.9891 1.3207
v 5.7887 2.3729 0.9271
v 4.8811 2.6945 1.1356
v 5.3221 2.3141 1.4302
v 0.9868 1.3212 2.3588
v 1.6234 1.7414 2.4164
v 3.5420 1.6850 2.8131
v 2.6113 1.7840 2.7080
v 2.9629 1.3631 3.0672
v 2.2407 2.1485 2.3307
v 2.8633 2.5427 2.1630
v 6.4972 0.5069 1.8715
v 5.9791 0.8246 2.2113
v 6.0446 0.3208 2.4355
v 5.8702 1.8592 1.8019
v 5.8893 1.3349 1.9903
v 6.5730 1.5358 1.5014
v 4.6820 0.9268 2.9655
v 5.2369 1.1279 2.4668
v 4.5743 1.4313 2.7225
v 3.8768 2.4308 2.1213
v 4.3294 1.9829 2.4974
v 4.8577 2.1570 1.9625
v -1.0106 0.9496 2.4501
v 0.0000 1.0352 2.3484
v -2.9014 0.7453 2.7821
v -1.9949 0.8794 2.6747
v 0.0000 0.3565 2.5598
v -1.0217 0.5853 2.5698
v -1.0234 0.2186 2.6258
v -6.0989 -0.2699 2.0495
v -5.4940 0.0000 2.3284
v -4.0106 -0.5175 2.7792
v -4.8283 -0.2714 2.6099
v -4.7009 -0.7893 2.5256
v -4.7622 0.2677 2.5742
v -3.8458 0.4962 2.6650
v 0.0000 -0.9736 2.2086
v -0.9700 -0.9114 2.3515
v -0.9952 -1.2684 2.2647
v -1.0353 -0.2212 2.6563
v -0.9985 -0.5720 2.5114
v 0.0000 -0.3438 2.4681
v -2.8380 -1.1519 2.5921
v -1.9668 -0.8670 2.6369
v -2.8692 -0.7370 2.7513
v -3.0279 0.2606 2.8898
v -2.9892 -0.2572 2.8529
v -2.0147 0.0000 2.8219
v -7.0898 -0.4304 1.1711
v -6.7071 -0.4342 1.6034
v -7.7094 -0.4421 0.2732
v -7.4575 -0.4363 0.7233
v -6.2281 -1.2091 1.1820
v -6.7716 -0.8320 0.9491
v -6.6081 -1.2216 0.7550
v -6.5614 -0.4248 -1.5686
v -6.9805 -0.4237 -1.1530
v -6.6427 -1.2280 -0.7590
v -6.5329 -0.8026 -0.9156
v -6.1405 -1.1921 -1.1654
v -7.3480 -0.4299 -0.7127
v -7.6547 -0.4390 -0.2713
v -4.6695 -2.5549 0.2643
v -5.3982 -2.3433 0.0000
v -4.7645 -2.6068 -0.2697
v -6.1804 -1.6315 0.4915
v -5.8645 -1.9950 0.2610
v -5.5528 -1.9019 0.7431
v -5.8366 -1.9991 -0.7811
v -5.9584 -2.0269 -0.2652
v -6.3880 -1.6863 -0.5080
v -7.5477 -0.8883 0.0000
v -7.2143 -1.3461 -0.2773
v -7.0881 -1.3226 0.2725
v -5.3820 0.0000 -2.2810
v -5.9808 -0.2647 -2.0098
v -4.0423 0.5216 -2.8012
v -4.7282 0.2658 -2.5558
v -4.6862 -0.7868 -2.5177
v -4.7274 -0.2658 -2.5554
v -3.9582 -0.5107 -2.7429
v 0.0000 1.0078 -2.2863
v -0.9854 0.9259 -2.3889
v -0.9851 0.2105 -2.5275
v -1.0050 0.5758 -2.5279
v 0.0000 0.3404 -2.4442
v -1.9474 0.8585 -2.6109
v -2.8619 0.7351 -2.7443
v -0.9744 -1.2419 -2.2173
v -0.9650 -0.9067 -2.3394
v 0.0000 -0.9821 -2.2280
v -2.9852 -0.7668 -2.8625
v -2.0314 -0.8955 -2.7236
v -2.9346 -1.1911 -2.6803
v 0.0000 -0.3411 -2.4489
v -0.9955 -0.5703 -2.5039
v -1.0094 -0.2157 -2.5899
v -3.1223 0.2687 -2.9799
v -2.0652 0.0000 -2.8926
v -3.1498 -0.2711 -3.0061
v 1.6356 1.7545 -2.4344
v 1.0178 1.3626 -2.4328
v 2.7920 2.4795 -2.1091
v 2.3026 2.2078 -2.3951
v 2.9046 1.3363 -3.0068
v 2.6541 1.8132 -2.7524
v 3.5912 1.7084 -2.8522
v 4.7616 3.0748 -0.3181
v 4.4716 3.1272 -0.8404
v 5.2165 2.2681 -1.4018
v 4.9297 2.7213 -1.1470
v 5.6836 2.3298 -0.9103
v 4.0094 3.0321 -1.3397
v 3.4960 2.8488 -1.7607
v 6.0429 0.3207 -2.4348
v 6.1431 0.8472 -2.2719
v 6.5819 0.5135 -1.8959
v 4.7176 1.4761 -2.8078
v 5.5352 1.1921 -2.6073
v 4.8194 0.9540 -3.0526
v 6.3586 1.4857 -1.4524
v 6.1049 1.3837 -2.0632
v 5.7908 1.8341 -1.7775
v 3.8732 2.4285 -2.1193
v 4.8253 2.1426 -1.9494
v 4.2476 1.9455 -2.4502
v 4.6728 -3.0174 0.3121
v 4.3298 -3.0280 0.8138
v 3.7734 -3.3254 0.5044
v 5.3653 -2.3329 1.4418
v 4.9081 -2.7094 1.1419
v 5.7334 -2.3503 0.9182
v 2.8732 -3.0253 1.3752
v 3.9318 -2.9734 1.3137
v 3.3609 -2.7387 1.6926
v 6.1253 -0.3251 2.4680
v 6.0288 -0.8314 2.2297
v 6.4566 -0.5037 1.8598
v 4.6198 -1.4455 2.7496
v 5.4123 -1.1656 2.5494
v 4.6102 -0.9125 2.9201
v 6.4725 -1.5123 1.4785
v 5.8983 -1.3369 1.9933
v 5.7756 -1.8293 1.7729
v 0.6296 -1.6471 2.0971
v 1.6375 -1.7565 2.4373
v 0.9970 -1.3348 2.3832
v 2.8205 -2.5047 2.1306
v 2.2646 -2.1715 2.3556
v 1.7913 -2.3590 1.8869
v 3.0131 -1.3861 3.1191
v 2.6666 -1.8217 2.7653
v 3.6409 -1.7321 2.8917
v 4.8718 -2.1633 1.9682
v 4.2630 -1.9525 2.4591
v 3.8337 -2.4038 2.0977
v 2.8138 -3.3572 0.4782
v 3.2317 -3.4913 0.0000
v 1.8103 -2.7864 1.2077
v 2.3393 -3.1351 0.9036
v 1.0365 -2.7190 0.0000
v 1.7154 -3.0383 0.4175
v 0.6225 -2.5783 0.3474
v -0.6304 -1.5991 2.0359
v 0.0000 -1.8192 1.8409
v -1.1865 -2.2454 1.3877
v -0.6274 -2.0156 1.6023
v -1.8955 -2.2928 1.8340
v 0.6230 -2.0640 1.6408
v 1.1685 -2.3437 1.4485
v -3.1129 -2.9538 0.0000
v -2.8668 -3.0364 0.4325
v -3.7469 -2.8534 0.4328
v -0.6098 -2.4481 0.3298
v -1.7309 -2.8311 0.3890
v -1.0387 -2.5879 0.0000
v -2.9265 -2.7242 1.2383
v -2.3498 -2.8379 0.8179
v -1.8660 -2.6368 1.1429
v 0.6130 -2.3447 1.0262
v -0.6179 -2.2909 1.0027
v 0.0000 -2.4009 0.6636
v 2.8069 -3.3490 -0.4770
v 3.7947 -3.3442 -0.5073
v 0.6130 -2.5391 -0.3421
v 1.7201 -3.0466 -0.4186
v 2.8262 -2.9758 -1.3527
v 2.2528 -3.0191 -0.8702
v 1.7696 -2.7237 -1.1805
v -3.8141 -2.9046 -0.4406
v -2.8203 -2.9872 -0.4255
v -1.8007 -2.5445 -1.1029
v -2.3194 -2.8011 -0.8073
v -2.8279 -2.6324 -1.1966
v -1.6689 -2.7297 -0.3751
v -0.6069 -2.4365 -0.3283
v 0.6040 -1.5800 -2.0117
v 0.0000 -1.7497 -1.7706
v -0.6102 -1.5477 -1.9706
v 1.1783 -2.3633 -1.4606
v 0.6065 -2.0093 -1.5973
v 1.7924 -2.3604 -1.8880
v -1.8232 -2.2054 -1.7640
v -0.6103 -1.9607 -1.5587
v -1.1777 -2.2287 -1.3774
v 0.0000 -2.3429 -0.6476
v -0.6182 -2.2919 -1.0031
v 0.6208 -2.3747 -1.0394
v 4.3413 -3.0360 -0.8159
v 4.6914 -3.0295 -0.3134
v 3.4163 -2.7839 -1.7206
v 3.9447 -2.9831 -1.3180
v 5.6993 -2.3362 -0.9128
v 4.8222 -2.6619 -1.1219
v 5.2256 -2.2721 -1.4042
v 0.9831 -1.3161 -2.3498
v 1.5660 -1.6798 -2.3308
v 3.5279 -1.6783 -2.8019
v 2.6303 -1.7970 -2.7277
v 2.9999 -1.3801 -3.1054
v 2.1653 -2.0762 -2.2523
v 2.7655 -2.4560 -2.0892
v 6.7378 -0.5256 -1.9408
v 6.0125 -0.8292 -2.2236
v 6.0734 -0.3223 -2.4471
v 5.9037 -1.8698 -1.8122
v 6.0326 -1.3673 -2.0387
v 6.7449 -1.5759 -1.5407
v 4.5513 -0.9009 -2.8828
v 5.2155 -1.1232 -2.4567
v 4.4586 -1.3951 -2.6537
v 3.8533 -2.4161 -2.1085
v 4.2713 -1.9563 -2.4639
v 4.8490 -2.1531 -1.9590
v 5.1956 -2.6866 0.0000
v 6.4511 -2.0491 -0.6173
v 5.8307 -2.3776 -0.3110
v 5.8267 -2.3759 0.3108
v 6.3267 -2.0096 0.6054
v 6.9152 0.0000 -1.5695
v 7.1638 -0.5255 -1.4298
v 7.2618 -0.5044 -0.3117
v 7.2139 -0.5109 -0.8468
v 7.2978 0.0000 -0.5241
v 7.1183 -1.0564 -1.2051
v 6.9531 -1.5508 -0.9585
v 7.0153 -0.5146 1.4002
v 7.1657 0.0000 1.6263
v 6.8024 -1.5172 0.9377
v 7.2475 -1.0755 1.2269
v 7.3908 0.0000 0.5307
v 7.2728 -0.5150 0.8537
v 7.4270 -0.5159 0.3188
v 6.8235 -1.5377 -0.3168
v 7.3145 -1.0419 0.0000
v 6.7268 -1.5159 0.3123
v 0.9919 -0.9791 2.5263
v 3.0542 -0.8897 3.3213
v 2.1286 -1.0301 3.1329
v 0.9960 -0.5997 2.6330
v 1.0421 -0.2340 2.8105
v 5.3514 0.0000 2.7037
v 4.0053 0.6016 3.2313
v 4.7654 0.3164 3.0419
v 4.7481 -0.3152 3.0308
v 3.9311 -0.5905 3.1714
v 1.0362 1.0229 2.6392
v 1.0730 0.2410 2.8937
v 1.0673 0.6426 2.8214
v 2.1010 1.0168 3.0924
v 3.0785 0.8968 3.3478
v 3.1094 -0.3044 3.3758
v 3.1986 0.3131 3.4726
v 2.1110 0.0000 3.2481
v -4.1716 -2.4863 0.6682
v -3.4687 -2.4565 1.5182
v -3.8465 -2.4999 1.1045
v -4.6961 -2.1884 0.9224
v -5.2220 -1.9053 1.1775
v -1.6466 -1.6349 2.2686
v -3.5511 -1.4641 2.4443
v -2.6239 -1.5962 2.4229
v -2.3576 -2.0402 2.2132
v -2.9793 -2.3410 1.9914
v -6.1248 -0.7041 1.8881
v -5.8564 -1.5499 1.5021
v -5.9762 -1.1298 1.6845
v -5.3489 -0.9671 2.1152
v -4.6769 -1.2421 2.3627
v -4.0265 -2.1707 1.8943
v -4.4642 -1.7442 2.1968
v -4.9353 -1.8502 1.6833
v -1.6478 -1.6361 -2.2702
v -2.9276 -2.3004 -1.9568
v -2.3556 -2.0384 -2.2113
v -2.6655 -1.6214 -2.4613
v -3.5607 -1.4680 -2.4509
v -4.4978 -2.6807 -0.7204
v -5.4818 -2.0001 -1.2361
v -5.1619 -2.4055 -1.0138
v -3.9599 -2.5736 -1.1371
v -3.4961 -2.4759 -1.5302
v -5.9798 -0.6874 -1.8433
v -4.5382 -1.2053 -2.2926
v -5.4273 -0.9813 -2.1462
v -5.7607 -1.0890 -1.6238
v -5.6875 -1.5052 -1.4588
v -3.9312 -2.1193 -1.8495
v -5.0441 -1.8910 -1.7205
v -4.3038 -1.6816 -2.1179
v 5.4414 0.0000 -2.7493
v 4.0492 -0.6082 -3.2667
v 4.7769 -0.3171 -3.0492
v 4.8603 0.3227 -3.1025
v 3.9648 0.5955 -3.1986
v 0.9880 -0.9753 -2.5165
v 0.9735 -0.2186 -2.6255
v 1.0039 -0.6045 -2.6538
v 2.0740 -1.0037 -3.0525
v 2.9764 -0.8670 -3.2367
v 0.9972 0.9843 -2.5397
v 2.8841 0.8401 -3.1363
v 2.0054 0.9705 -2.9516
v 0.9823 0.5914 -2.5966
v 0.9589 0.2154 -2.5862
v 2.9440 -0.2882 -3.1962
v 1.9561 0.0000 -3.0097
v 2.9956 0.2933 -3.2522
v 7.0811 0.5194 1.4133
v 7.2742 0.5053 0.3123
v 7.3568 0.5210 0.8636
v 6.9211 1.0271 1.1717
v 6.8415 1.5260 0.9431
v 6.9290 0.5083 -1.3829
v 6.8316 1.5238 -0.9417
v 7.2302 1.0730 -1.2240
v 7.4165 0.5252 -0.8706
v 7.5710 0.5259 -0.3250
v 5.5338 2.8615 0.0000
v 6.3609 2.0204 0.6087
v 6.0425 2.4639 0.3223
v 6.1933 2.5254 -0.3304
v 6.5506 2.0807 -0.6268
v 7.2451 1.0320 0.0000
v 7.0872 1.5971 -0.3290
v 7.1248 1.6056 0.3308
v -4.2453 2.6114 0.1295
v -4.1284 2.6558 0.3419
v -3.7669 2.7363 0.2093
v -4.8458 2.4600 0.6150
v -4.5037 2.5706 0.4796
v -4.9627 2.4187 0.3935
v -3.4566 2.7620 0.6253
v -3.9641 2.6679 0.5540
v -3.7824 2.6637 0.7610
v -5.8687 1.8257 1.1283
v -5.6464 1.9947 1.0051
v -6.0466 1.8265 0.9012
v -4.7495 2.2976 1.1919
v -5.2159 2.1552 1.1038
v -5.0735 2.1706 1.3415
v -5.6440 2.1801 0.6624
v -5.4336 2.1700 0.8837
v -5.1422 2.3117 0.7517
v -2.5917 2.5505 1.3634
v -3.1178 2.5300 1.3457
v -2.8845 2.4585 1.5194
v -3.5666 2.6325 0.9692
v -3.3328 2.5777 1.1559
v -3.0041 2.6529 1.0003
v -4.0373 2.4009 1.4838
v -3.6798 2.4945 1.3183
v -4.2410 2.4269 1.2722
v -4.6798 2.4671 0.8400
v -4.4067 2.4177 1.0449
v -4.0835 2.5396 0.9010
v -6.3204 0.1340 1.8863
v -6.3437 0.3490 1.8085
v -6.6499 0.2171 1.6715
v -5.6582 0.6059 2.0512
v -6.0125 0.4798 1.9364
v -5.6617 0.3946 2.1374
v -6.7115 0.6485 1.5227
v -6.3794 0.5660 1.7358
v -6.4240 0.7841 1.6666
v -4.0955 1.0864 2.4196
v -4.4747 0.9689 2.3326
v -4.1154 0.8717 2.5022
v -5.1819 1.1534 1.9750
v -4.8316 1.0629 2.1560
v -4.7752 1.2678 2.0596
v -4.9783 0.6497 2.3727
v -4.8195 0.8429 2.2232
v -5.2676 0.7347 2.1580
v -6.3758 1.4562 1.1274
v -6.2482 1.4211 1.3827
v -6.0568 1.6015 1.2618
v -6.4075 1.0080 1.5801
v -6.3530 1.2177 1.4870
v -6.6988 1.0784 1.3556
v -5.5979 1.4831 1.7287
v -5.8913 1.3326 1.5870
v -5.6283 1.2643 1.8091
v -5.5346 0.8072 1.9325
v -5.5638 1.0302 1.8666
v -5.9439 0.9021 1.7542
v -0.3010 1.3955 1.9984
v -0.8205 1.4418 2.1609
v -0.4985 1.2735 2.1627
v -1.4308 1.7536 2.0719
v -1.1352 1.6021 2.1280
v -0.9232 1.7134 1.9443
v -1.4980 1.2830 2.4136
v -1.3375 1.4655 2.3010
v -1.8163 1.4595 2.4035
v -2.6094 2.3649 1.7182
v -2.3875 2.2884 1.8865
v -2.1067 2.3544 1.6623
v -2.8321 1.9940 2.2447
v -2.6508 2.1800 2.0984
v -3.1582 2.1434 2.1348
v -1.5399 2.0572 1.8539
v -2.1025 2.1484 2.0003
v -1.7553 1.9353 2.0265
v -3.2754 1.0729 2.5926
v -3.1678 1.2988 2.5096
v -3.6227 1.2176 2.5006
v -2.3402 1.4592 2.5283
v -2.7694 1.3934 2.5445
v -2.5110 1.2706 2.6806
v -3.4092 1.6835 2.3370
v -3.0849 1.5393 2.4457
v -2.9726 1.7682 2.3572
v -1.9444 1.7861 2.1911
v -2.4826 1.8103 2.3117
v -2.1464 1.6330 2.3670
v -5.7717 1.8063 1.3941
v -5.0429 1.6053 1.7863
v -5.4116 1.7068 1.5988
v -5.3218 1.9673 1.4937
v -4.7611 2.0759 1.5559
v -3.9902 1.3207 2.3431
v -3.8249 1.8184 2.2041
v -3.9231 1.5737 2.2849
v -4.3596 1.4222 2.1751
v -4.6456 1.4961 1.9674
v -3.2202 2.3985 1.7516
v -4.2405 2.2063 1.6357
v -3.7475 2.3210 1.7065
v -3.4526 2.2348 1.9246
v -3.6747 2.0565 2.0867
v -4.6374 1.7736 1.9091
v -4.1149 1.9000 1.9833
v -4.4616 2.0009 1.7808
v -3.2845 2.7880 0.2055
v -3.4389 2.7788 0.0000
v -2.9093 2.7394 0.6002
v -3.1334 2.7998 0.4113
v -2.5055 2.8249 0.0000
v -2.8092 2.8147 0.2015
v -2.3367 2.7997 0.1954
v -2.0906 2.5282 1.3179
v -2.3157 2.6105 1.1583
v -1.6965 2.5723 0.7259
v -1.9641 2.5533 0.9187
v -1.5020 2.5273 0.8905
v -2.4517 2.5935 0.9544
v -2.7011 2.6961 0.7941
v -0.4983 2.3886 0.0000
v -0.8192 2.5021 0.1683
v -0.3045 2.4240 0.1623
v -1.8140 2.7030 0.1861
v -1.3224 2.5980 0.1763
v -1.5100 2.6383 0.0000
v -0.9379 2.5488 0.5205
v -1.1425 2.5910 0.3525
v -1.4310 2.6062 0.5378
v -2.4145 2.7257 0.5860
v -1.8928 2.6359 0.5557
v -2.1259 2.7381 0.3830
v 0.3001 1.4130 2.0234
v 0.0000 1.4977 1.9068
v 0.6019 1.8024 1.8238
v 0.3020 1.6429 1.8629
v 0.9101 1.7678 2.0061
v -0.3042 1.6293 1.8474
v -0.5973 1.7349 1.7555
v 1.7864 2.5939 1.6031
v 1.4895 2.3751 1.6728
v 2.0958 2.5786 1.8206
v 0.3104 2.0874 1.4667
v 0.8969 2.1884 1.5389
v 0.5957 2.2134 1.3679
v 1.5080 2.1667 1.9525
v 1.2022 2.1793 1.7377
v 0.9072 1.9832 1.7791
v -1.5031 2.2299 1.5706
v -1.7667 2.3591 1.4580
v -0.8977 1.8752 1.6822
v -1.2111 2.0692 1.6499
v -0.5960 2.1493 1.3284
v -0.8943 2.0865 1.4673
v -0.3092 2.0470 1.4384
v 0.3078 1.8823 1.6899
v 0.0000 1.9732 1.5686
v -0.3029 1.8237 1.6373
v 3.5791 3.3353 0.0000
v 3.4749 3.3882 0.2497
v 3.8872 3.2802 0.2509
v 2.5156 3.3589 0.2344
v 3.0395 3.4502 0.2470
v 2.6789 3.3860 0.0000
v 3.6225 3.3347 0.7549
v 3.2996 3.3706 0.4952
v 3.1043 3.3234 0.7282
v 0.3112 2.5169 0.1685
v 0.8416 2.6798 0.1803
v 0.5006 2.4637 0.0000
v 1.4989 2.9286 0.6043
v 1.1861 2.8459 0.3872
v 0.9605 2.7332 0.5582
v 1.6057 3.0241 0.0000
v 1.3731 2.8820 0.1956
v 1.9472 3.1690 0.2182
v 2.6777 2.9569 1.5807
v 2.4017 3.0098 1.3355
v 2.1305 2.8372 1.4790
v 2.7940 3.1495 0.9277
v 2.6014 3.0850 1.1352
v 3.1119 3.1302 1.1803
v 1.5817 2.8641 1.0092
v 2.0817 2.9767 1.0710
v 1.8107 2.9847 0.8423
v 2.2755 3.2418 0.4534
v 2.0393 3.1153 0.6567
v 2.5132 3.1734 0.6823
v -1.4799 2.3697 1.2394
v -0.3244 2.2895 1.2013
v -0.9086 2.2833 1.1967
v -1.2340 2.4531 1.0685
v -0.9566 2.4987 0.8880
v 1.5296 2.6333 1.3773
v 0.9752 2.6675 0.9480
v 1.2633 2.6660 1.1613
v 0.9272 2.4374 1.2775
v 0.3227 2.3133 1.2137
v 0.0000 2.5195 0.3395
v -0.6241 2.4583 0.6795
v -0.3235 2.5289 0.5177
v 0.3279 2.6043 0.5331
v 0.6468 2.6275 0.7262
v 0.0000 2.3945 1.0481
v 0.3264 2.4901 0.8836
v -0.3234 2.4287 0.8619
v -3.2632 2.7699 -0.2042
v -3.7901 2.7532 -0.2106
v -2.3768 2.8477 -0.1988
v -2.8620 2.8676 -0.2053
v -3.5329 2.8230 -0.6391
v -3.1501 2.8147 -0.4135
v -3.0344 2.8572 -0.6260
v -0.3048 2.4265 -0.1624
v -0.8378 2.5591 -0.1722
v -1.5021 2.7356 -0.5645
v -1.1872 2.6923 -0.3663
v -0.9433 2.5635 -0.5235
v -1.3571 2.6662 -0.1809
v -1.8577 2.7681 -0.1906
v -2.6948 2.6520 -1.4177
v -2.4739 2.7888 -1.2374
v -2.1811 2.6376 -1.3749
v -2.8858 2.8804 -0.8484
v -2.6973 2.8533 -1.0499
v -3.1719 2.8010 -1.0562
v -1.5807 2.6598 -0.9372
v -2.1704 2.8216 -1.0153
v -1.8501 2.8052 -0.7916
v -2.2406 2.8858 -0.4036
v -2.0603 2.8692 -0.6048
v -2.5980 2.9328 -0.6306
v 3.8666 3.2629 -0.2495
v 3.4312 3.3457 -0.2466
v 3.1216 3.3419 -0.7323
v 3.3319 3.4037 -0.5000
v 3.5841 3.2994 -0.7469
v 3.0150 3.4224 -0.2450
v 2.4889 3.3232 -0.2320
v 2.0945 2.7894 -1.4540
v 2.3018 2.8846 -1.2799
v 2.6558 2.9327 -1.5678
v 1.7643 2.9081 -0.8207
v 1.9827 2.8351 -1.0201
v 1.5071 2.7291 -0.9616
v 3.1342 3.1525 -1.1887
v 2.5494 3.0234 -1.1125
v 2.7904 3.1455 -0.9265
v 0.8214 2.6154 -0.1759
v 0.3015 2.4387 -0.1633
v 1.8842 3.0665 -0.2112
v 1.3600 2.8545 -0.1937
v 0.9342 2.6584 -0.5429
v 1.1496 2.7584 -0.3753
v 1.4619 2.8563 -0.5894
v 2.5293 3.1937 -0.6867
v 1.9715 3.0116 -0.6349
v 2.2148 3.1553 -0.4413
v -0.3127 1.4498 -2.0762
v 0.0000 1.5984 -2.0351
v 0.3143 1.4802 -2.1197
v -0.6311 1.8331 -1.8549
v -0.3201 1.7147 -1.9443
v -0.9439 1.7519 -1.9879
v 0.9410 1.8277 -2.0740
v 0.3200 1.7407 -1.9738
v 0.6286 1.8824 -1.9048
v -1.7999 2.4034 -1.4854
v -1.4770 2.1912 -1.5433
v -2.1055 2.3530 -1.6613
v -0.3163 2.0939 -1.4714
v -0.8998 2.0994 -1.4764
v -0.6077 2.1915 -1.3544
v -1.5004 2.0045 -1.8063
v -1.2070 2.0620 -1.6443
v -0.9284 1.9391 -1.7396
v 2.0710 2.5480 -1.7990
v 1.4799 2.3597 -1.6620
v 1.7696 2.5696 -1.5881
v 0.9406 2.0564 -1.8447
v 1.2173 2.2066 -1.7595
v 1.5336 2.2035 -1.9857
v 0.6021 2.2373 -1.3827
v 0.9073 2.2138 -1.5568
v 0.3164 2.1272 -1.4947
v -0.3200 1.9265 -1.7296
v 0.0000 2.0350 -1.6177
v 0.3228 1.9737 -1.7720
v 0.0000 2.5288 -0.3407
v 0.6264 2.5446 -0.7033
v 0.3171 2.5179 -0.5154
v -0.3156 2.4673 -0.5051
v -0.6175 2.4322 -0.6722
v 1.4874 2.5606 -1.3393
v 0.3151 2.2594 -1.1854
v 0.8983 2.3614 -1.2376
v 1.2113 2.5561 -1.1134
v 0.9442 2.5828 -0.9179
v -1.5685 2.5115 -1.3136
v -0.9550 2.4944 -0.8865
v -1.2933 2.5709 -1.1199
v -0.9526 2.3938 -1.2547
v -0.3207 2.2637 -1.1877
v 0.3122 2.3823 -0.8454
v 0.0000 2.3123 -1.0121
v -0.3131 2.3519 -0.8346
v -4.2383 2.7265 -0.3510
v -4.2846 2.6355 -0.1307
v -3.9273 2.7658 -0.7902
v -4.0959 2.7565 -0.5724
v -4.9836 2.4289 -0.3951
v -4.6385 2.6475 -0.4939
v -4.8568 2.4656 -0.6164
v -2.9340 2.5007 -1.5455
v -3.2643 2.6489 -1.4090
v -4.2775 2.4478 -1.2832
v -3.7768 2.5602 -1.3530
v -4.0459 2.4060 -1.4870
v -3.5036 2.7098 -1.2152
v -3.6959 2.7280 -1.0044
v -5.9945 1.8107 -0.8934
v -5.5522 1.9615 -0.9883
v -5.6945 1.7715 -1.0948
v -5.1591 2.3194 -0.7541
v -5.4294 2.1684 -0.8830
v -5.6242 2.1724 -0.6601
v -4.9413 2.1140 -1.3066
v -5.2338 2.1626 -1.1076
v -4.7552 2.3004 -1.1933
v -4.2105 2.6186 -0.9290
v -4.4728 2.4540 -1.0606
v -4.6181 2.4345 -0.8289
v -0.4965 1.2685 -2.1543
v -0.8072 1.4185 -2.1260
v -1.7679 1.4206 -2.3395
v -1.2944 1.4183 -2.2269
v -1.4615 1.2517 -2.3548
v -1.1172 1.5767 -2.0943
v -1.4155 1.7348 -2.0498
v -3.5660 1.1986 -2.4615
v -3.1248 1.2812 -2.4756
v -3.2477 1.0639 -2.5707
v -2.8310 1.6840 -2.2449
v -3.0038 1.4988 -2.3814
v -3.3117 1.6354 -2.2702
v -2.4361 1.2327 -2.6007
v -2.7307 1.3739 -2.5089
v -2.2602 1.4093 -2.4420
v -2.2735 2.1791 -1.7964
v -2.5728 2.3318 -1.6941
v -1.7296 1.9070 -1.9969
v -2.0067 2.0506 -1.9092
v -2.9270 1.9864 -1.9784
v -2.4961 2.0528 -1.9760
v -2.6607 1.8733 -2.1088
v -2.0809 1.5832 -2.2947
v -2.3902 1.7430 -2.2257
v -1.9218 1.7654 -2.1656
v -6.4375 0.2102 -1.6181
v -6.0910 0.3351 -1.7365
v -6.2796 0.1331 -1.8741
v -6.1797 0.7543 -1.6032
v -6.1061 0.5417 -1.6615
v -6.4987 0.6279 -1.4744
v -5.6016 0.3904 -2.1147
v -5.7986 0.4628 -1.8675
v -5.5420 0.5934 -2.0091
v -5.9581 1.5754 -1.2412
v -6.2301 1.4170 -1.3787
v -6.4300 1.4686 -1.1370
v -5.6248 1.2635 -1.8080
v -5.8520 1.3237 -1.5764
v -5.4597 1.4465 -1.6860
v -6.3209 1.0176 -1.2791
v -6.1958 1.1876 -1.4502
v -6.0893 0.9580 -1.5017
v -4.1744 0.8842 -2.5381
v -4.4208 0.9572 -2.3045
v -4.0699 1.0797 -2.4045
v -5.2204 0.7281 -2.1386
v -4.8328 0.8452 -2.2294
v -4.9124 0.6411 -2.3413
v -4.8160 1.2786 -2.0772
v -4.8202 1.0604 -2.1509
v -5.2721 1.1734 -2.0093
v -6.0267 0.9146 -1.7786
v -5.7031 1.0560 -1.9133
v -5.6718 0.8272 -1.9805
v -3.0927 2.3035 -1.6822
v -3.4781 1.9465 -1.9750
v -3.3278 2.1541 -1.8550
v -3.6621 2.2681 -1.6676
v -4.2237 2.1976 -1.6292
v -3.8725 1.2817 -2.2740
v -4.7834 1.5405 -2.0257
v -4.3042 1.4041 -2.1475
v -3.8458 1.5427 -2.2399
v -3.7098 1.7636 -2.1378
v -5.5488 1.7366 -1.3402
v -4.7458 2.0692 -1.5509
v -5.1385 1.8996 -1.4423
v -5.3081 1.6741 -1.5682
v -5.1155 1.6284 -1.8120
v -4.0499 1.8700 -1.9520
v -4.5782 1.7510 -1.8848
v -4.4025 1.9744 -1.7572
v -4.6362 2.5366 0.0000
v -5.4226 2.3540 -0.2675
v -5.1721 2.5186 -0.1366
v -5.1414 2.5037 0.1358
v -5.3985 2.3436 0.2663
v -6.4078 1.6921 -0.7727
v -6.2100 1.8703 -0.6536
v -6.3809 1.9164 -0.1357
v -6.3661 1.9137 -0.3990
v -6.7014 1.7686 -0.2648
v -5.9677 2.0368 -0.5282
v -5.6354 2.1662 -0.3961
v -6.1662 1.8571 0.6490
v -6.3600 1.6795 0.7670
v -5.7075 2.1939 0.4011
v -5.9909 2.0447 0.5303
v -6.5904 1.7393 0.2604
v -6.1902 1.8609 0.3880
v -6.3269 1.9001 0.1345
v -5.8750 2.2597 -0.1377
v -6.1484 2.0913 0.0000
v -5.8884 2.2649 0.1380
v -6.7536 0.0000 -1.5160
v -6.7503 0.2122 -1.4360
v -7.4829 0.2225 -1.0672
v -7.1621 0.2185 -1.2639
v -7.4599 0.0000 -1.1457
v -6.8956 0.4320 -1.3850
v -6.8617 0.6412 -1.2972
v -7.7051 0.2195 -0.1357
v -7.7843 0.2229 -0.3688
v -7.7832 0.0000 -0.2296
v -7.5227 0.6610 -0.6392
v -7.8186 0.4528 -0.5150
v -7.7694 0.6755 -0.4175
v -7.6829 0.0000 -0.6889
v -7.7837 0.2248 -0.6063
v -7.6738 0.2250 -0.8360
v -6.6290 1.2553 -1.0007
v -6.5647 1.4611 -0.9030
v -6.6340 0.8334 -1.1693
v -6.6099 1.0376 -1.0835
v -7.1104 1.0678 -0.6599
v -6.8017 1.0435 -0.8664
v -7.1660 0.8616 -0.7582
v -7.3835 0.4399 -0.9621
v -7.2070 0.6472 -0.8502
v -6.9644 0.6382 -1.0635
v -6.9410 0.2182 1.4765
v -6.8717 0.0000 1.5425
v -7.0186 0.6559 1.3268
v -7.0704 0.4430 1.4201
v -7.2435 0.0000 1.1124
v -7.2017 0.2197 1.2709
v -7.4109 0.2203 1.0569
v -6.4899 1.4444 0.8927
v -6.7355 1.2754 1.0168
v -7.1465 0.8593 0.7562
v -6.9894 1.0723 0.8903
v -7.3028 1.0966 0.6778
v -6.9560 1.0920 1.1402
v -7.0214 0.8821 1.2376
v -7.6927 0.0000 0.2269
v -7.4817 0.2142 0.3545
v -7.5409 0.2148 0.1328
v -7.4864 0.2195 0.8156
v -7.5661 0.2186 0.5893
v -7.5388 0.0000 0.6760
v -7.5586 0.6572 0.4062
v -7.5672 0.4383 0.4984
v -7.4256 0.6525 0.6309
v -7.2522 0.6646 1.1075
v -7.3854 0.6632 0.8713
v -7.3394 0.4373 0.9563
v -6.7467 1.5059 -0.6572
v -7.2501 1.0979 -0.4057
v -7.0067 1.3013 -0.5316
v -6.8585 1.5337 -0.3985
v -7.0583 1.5798 -0.1405
v -7.5441 0.4326 0.0000
v -7.4507 0.8770 0.2692
v -7.5463 0.6576 0.1354
v -7.6182 0.6638 -0.1367
v -7.5205 0.8852 -0.2717
v -6.8466 1.5282 0.6669
v -6.9815 1.5626 0.1390
v -6.9181 1.5470 0.4020
v -7.2440 1.3454 0.5496
v -7.4367 1.1261 0.4161
v -7.3586 1.1124 -0.1375
v -7.3579 1.1123 0.1375
v -7.3188 1.3655 0.0000
v 4.2574 3.2047 0.4126
v 4.3012 3.1048 0.1540
v 3.9309 3.2147 0.9184
v 4.1106 3.2258 0.6699
v 5.0594 2.9239 0.4756
v 4.5903 3.0841 0.5754
v 4.8321 2.9017 0.7254
v 2.9903 2.8880 1.7849
v 3.2909 3.0485 1.6216
v 4.1749 2.7961 1.4658
v 3.7471 2.9404 1.5539
v 3.9472 2.7341 1.6898
v 3.5031 3.1132 1.3961
v 3.7140 3.1677 1.1662
v 5.9536 2.1565 1.0640
v 5.5677 2.3496 1.1839
v 5.7631 2.1459 1.3263
v 5.1206 2.7341 0.8890
v 5.3348 2.5386 1.0337
v 5.5602 2.5641 0.7791
v 4.8555 2.4613 1.5212
v 5.0790 2.4942 1.2774
v 4.6758 2.6708 1.3855
v 4.2289 3.0744 1.0907
v 4.4682 2.8814 1.2454
v 4.6251 2.8760 0.9793
v 0.4952 1.2971 2.2028
v 0.8147 1.4903 2.2336
v 1.7966 1.5717 2.5884
v 1.3168 1.5378 2.4146
v 1.5069 1.3865 2.6084
v 1.1314 1.6868 2.2405
v 1.4113 1.8528 2.1891
v 3.7141 1.4450 2.9675
v 3.2326 1.5168 2.9308
v 3.4532 1.2987 3.1381
v 2.9483 1.9891 2.6517
v 3.0885 1.7565 2.7908
v 3.3961 1.9275 2.6757
v 2.5375 1.4332 3.0235
v 2.7826 1.5801 2.8855
v 2.3313 1.6142 2.7970
v 2.3458 2.4978 2.0591
v 2.6437 2.6877 1.9527
v 1.7275 2.0684 2.1658
v 2.0386 2.2891 2.1313
v 3.0343 2.3426 2.3332
v 2.5498 2.3481 2.2602
v 2.7261 2.1639 2.4360
v 2.0838 1.7488 2.5348
v 2.4314 1.9788 2.5268
v 1.9459 1.9570 2.4007
v 6.5641 0.2581 1.9875
v 6.2566 0.4139 2.1446
v 6.2378 0.1589 2.2373
v 6.2870 0.9229 1.9615
v 6.2876 0.6709 2.0576
v 6.6394 0.7730 1.8151
v 5.5394 0.4615 2.5001
v 5.9896 0.5734 2.3139
v 5.6071 0.7180 2.4311
v 6.0814 1.9283 1.5192
v 6.2681 1.7116 1.6653
v 6.3745 1.7508 1.3554
v 5.4971 1.4754 2.1112
v 5.8486 1.5849 1.8875
v 5.4242 1.7153 1.9993
v 6.6137 1.2822 1.6119
v 6.3056 1.4522 1.7734
v 6.3338 1.1979 1.8779
v 4.2939 1.0646 3.0561
v 4.6663 1.1910 2.8674
v 4.2059 1.3057 2.9079
v 5.2685 0.8754 2.5713
v 4.9134 1.0190 2.6876
v 4.9866 0.7716 2.8180
v 4.8484 1.5247 2.4770
v 4.8801 1.2725 2.5813
v 5.1785 1.3723 2.3498
v 5.9731 1.0874 2.1145
v 5.5785 1.2349 2.2375
v 5.6655 0.9882 2.3659
v 3.1743 2.6982 1.9705
v 3.6085 2.3313 2.3654
v 3.3556 2.4943 2.1480
v 3.6612 2.6245 1.9297
v 4.1287 2.5137 1.8637
v 4.0798 1.5764 2.7969
v 4.6837 1.7830 2.3445
v 4.4514 1.7071 2.6108
v 3.9593 1.8486 2.6840
v 3.8008 2.0955 2.5401
v 5.5550 2.0768 1.6028
v 4.6299 2.3836 1.7865
v 5.0718 2.2283 1.6919
v 5.2334 1.9665 1.8421
v 4.9940 1.8876 2.1005
v 4.1783 2.2536 2.3525
v 4.6420 2.0932 2.2532
v 4.4508 2.3456 2.0876
v -0.5117 1.1488 2.3033
v 0.0000 1.1836 2.2495
v -1.5121 1.1162 2.5181
v -1.0130 1.1215 2.3813
v 0.0000 0.8667 2.4041
v -0.5167 0.9918 2.3954
v -0.5133 0.8171 2.4405
v -3.2735 0.8564 2.6582
v -2.8730 0.9518 2.6908
v -1.9832 0.6744 2.7158
v -2.4630 0.8249 2.7611
v -2.4081 0.6002 2.7562
v -2.4741 1.0414 2.7103
v -2.0077 1.0873 2.6310
v 0.0000 0.1834 2.6469
v -0.5266 0.2892 2.5983
v -0.5337 0.1095 2.6462
v -0.5171 0.6377 2.4924
v -0.5242 0.4691 2.5639
v 0.0000 0.5260 2.4974
v -1.4918 0.3370 2.6704
v -1.0280 0.4042 2.6123
v -1.4994 0.5299 2.6559
v -1.4944 0.9102 2.5404
v -1.4863 0.7141 2.5786
v -1.0117 0.7646 2.4996
v -6.3406 -0.1344 1.8923
v -6.1399 0.0000 2.0631
v -5.4963 -0.2679 2.3296
v -5.8539 -0.1360 2.2113
v -5.8643 -0.4087 2.2139
v -5.7801 0.1343 2.1834
v -5.4415 0.2652 2.3063
v -3.9559 -0.7731 2.7392
v -4.4331 -0.6653 2.7030
v -4.2820 -0.9069 2.6035
v -4.4541 -0.1355 2.7229
v -4.4412 -0.3977 2.7127
v -4.0553 -0.2601 2.8114
v -5.0359 -0.6572 2.4002
v -4.7964 -0.5345 2.5849
v -5.1884 -0.4074 2.4837
v -4.2564 0.6388 2.5953
v -3.8006 0.7427 2.6317
v -5.0861 0.3993 2.4347
v -4.7085 0.5248 2.5375
v -3.9150 0.2511 2.7141
v -4.2839 0.3836 2.6166
v -4.3720 0.1330 2.6727
v -5.1466 -0.1347 2.4615
v -4.8299 0.0000 2.6107
v -5.1672 0.1352 2.4714
v 0.0000 -1.1611 2.2067
v -0.4882 -1.0961 2.1975
v -0.4982 -1.2729 2.1617
v -0.4764 -0.7583 2.2651
v -0.4878 -0.9364 2.2616
v 0.0000 -0.8152 2.2613
v -1.4600 -1.2504 2.3524
v -0.9724 -1.0766 2.2858
v -1.4586 -1.0767 2.4290
v -0.5332 -0.1094 2.6434
v -0.5217 -0.2866 2.5744
v 0.0000 -0.1813 2.6154
v -1.4999 -0.5301 2.6568
v -1.0340 -0.4066 2.6276
v -1.5253 -0.3446 2.7305
v 0.0000 -0.5021 2.3840
v -0.5068 -0.4536 2.4786
v -0.4885 -0.6025 2.3547
v -3.3364 -1.0929 2.6409
v -2.8488 -0.9438 2.6681
v -3.3288 -0.8708 2.7031
v -1.9617 -1.0624 2.5708
v -2.4259 -1.0211 2.6575
v -2.3892 -1.2090 2.5505
v -2.3932 -0.5965 2.7391
v -2.4334 -0.8150 2.7279
v -1.9466 -0.6620 2.6657
v -0.9741 -0.7362 2.4067
v -1.4787 -0.7105 2.5655
v -1.4743 -0.8980 2.5063
v -3.4243 0.6339 2.7775
v -3.4668 0.1311 2.8087
v -3.4701 0.3830 2.8125
v -2.9670 0.5053 2.8396
v -2.4455 0.3659 2.7860
v -3.4104 -0.6313 2.7662
v -2.4855 -0.3718 2.8316
v -2.9534 -0.5030 2.8267
v -3.4545 -0.3813 2.7999
v -3.4736 -0.1314 2.8141
v -1.0255 0.0000 2.6321
v -1.9799 0.2351 2.7712
v -1.5352 0.1157 2.7460
v -1.5446 -0.1164 2.7630
v -1.9895 -0.2362 2.7846
v -3.0001 0.0000 2.8647
v -2.5418 -0.1273 2.9031
v -2.5500 0.1277 2.9125
v -6.8991 -0.2169 1.4676
v -6.6876 -0.2183 1.6810
v -7.3766 -0.2193 1.0520
v -7.1835 -0.2191 1.2677
v -6.6325 -0.6408 1.5048
v -6.8973 -0.4321 1.3853
v -6.8603 -0.6411 1.2969
v -7.7149 -0.2198 0.1358
v -7.6797 -0.2199 0.3638
v -7.3181 -0.6431 0.6218
v -7.7211 -0.4472 0.5086
v -7.5855 -0.6596 0.4076
v -7.6347 -0.2205 0.5947
v -7.4338 -0.2180 0.8099
v -6.0632 -1.3849 1.0721
v -6.4471 -1.2208 0.9733
v -6.2350 -1.3877 0.8577
v -6.5635 -0.8246 1.1569
v -6.4787 -1.0171 1.0620
v -6.3889 -1.0285 1.2929
v -6.9587 -1.0450 0.6458
v -6.7084 -1.0292 0.8545
v -7.0467 -0.8473 0.7456
v -7.1885 -0.4283 0.9367
v -7.0518 -0.6333 0.8319
v -6.9262 -0.6347 1.0577
v -6.5338 -0.2133 -1.6423
v -6.7930 -0.2136 -1.4451
v -6.6182 -0.6184 -1.2511
v -6.8109 -0.4267 -1.3680
v -6.3884 -0.6172 -1.4494
v -7.1069 -0.2168 -1.2542
v -7.3904 -0.2197 -1.0540
v -6.4574 -1.4372 -0.8882
v -6.4646 -1.2241 -0.9759
v -6.1103 -1.3956 -1.0804
v -6.8602 -0.8248 -0.7259
v -6.5618 -1.0067 -0.8359
v -6.9240 -1.0398 -0.6426
v -6.1744 -0.9940 -1.2495
v -6.3236 -0.9927 -1.0366
v -6.4227 -0.8069 -1.1321
v -7.7799 -0.2227 -0.3686
v -7.7577 -0.2210 -0.1366
v -7.5886 -0.2225 -0.8267
v -7.7507 -0.2239 -0.6037
v -7.5817 -0.6592 -0.4074
v -7.6317 -0.4420 -0.5027
v -7.3236 -0.6435 -0.6223
v -6.8875 -0.6312 -1.0518
v -7.0508 -0.6332 -0.8318
v -7.1607 -0.4266 -0.9330
v -4.4467 -2.7352 0.1357
v -4.8164 -2.6352 0.0000
v -4.4705 -2.7499 -0.1364
v -5.3668 -2.3298 0.2648
v -5.0921 -2.4797 0.1345
v -4.9244 -2.4001 0.3904
v -5.0215 -2.4474 -0.3981
v -5.0725 -2.4701 -0.1340
v -5.2881 -2.2957 -0.2609
v -6.0982 -1.6104 0.7354
v -5.8681 -1.7673 0.6176
v -5.7734 -1.7439 0.8605
v -6.1763 -1.8549 0.1313
v -6.0173 -1.8089 0.3771
v -6.4570 -1.7041 0.2551
v -5.3771 -2.0770 0.6311
v -5.7734 -1.9705 0.5110
v -5.5861 -2.1472 0.3926
v -5.9223 -1.7889 -0.8826
v -6.1017 -1.8377 -0.6422
v -6.2593 -1.6529 -0.7548
v -5.5916 -2.1493 -0.3930
v -5.9435 -2.0285 -0.5261
v -5.6020 -2.1639 -0.6575
v -6.5572 -1.7305 -0.2591
v -6.2227 -1.8706 -0.3900
v -6.2458 -1.8758 -0.1328
v -5.6345 -2.1672 0.1321
v -5.9327 -2.0180 0.0000
v -5.5744 -2.1441 -0.1307
v -7.7567 -0.4448 0.0000
v -7.4860 -0.8811 -0.2705
v -7.6402 -0.6658 -0.1371
v -7.6933 -0.6704 0.1380
v -7.4446 -0.8762 0.2690
v -6.6584 -1.4862 -0.6486
v -7.0547 -1.5790 -0.1405
v -6.8206 -1.5252 -0.3963
v -7.0109 -1.3021 -0.5319
v -7.3013 -1.1056 -0.4085
v -6.4343 -1.4362 0.6267
v -7.0499 -1.0676 0.3945
v -6.8129 -1.2653 0.5169
v -6.7206 -1.5028 0.3905
v -6.9954 -1.5657 0.1393
v -7.4570 -1.1273 -0.1393
v -7.2723 -1.3568 0.0000
v -7.4832 -1.1313 0.1398
v -6.0337 0.0000 -2.0274
v -6.3463 -0.1346 -1.8940
v -5.3464 0.2606 -2.2661
v -5.6368 0.1309 -2.1293
v -5.6041 -0.3905 -2.1157
v -5.6725 -0.1318 -2.1428
v -5.3359 -0.2601 -2.2616
v -3.9094 0.7640 -2.7070
v -4.3792 0.6572 -2.6701
v -4.4625 0.1357 -2.7280
v -4.4370 0.3973 -2.7101
v -4.0759 0.2614 -2.8256
v -4.6906 0.5227 -2.5279
v -4.9816 0.3911 -2.3847
v -4.2734 -0.9051 -2.5983
v -4.3062 -0.6462 -2.6256
v -3.9658 -0.7750 -2.7460
v -4.9839 -0.3913 -2.3858
v -4.6846 -0.5221 -2.5246
v -5.0806 -0.6630 -2.4215
v -4.0608 -0.2605 -2.8152
v -4.3058 -0.3856 -2.6300
v -4.4591 -0.1356 -2.7260
v -5.0666 0.1326 -2.4233
v -4.8230 0.0000 -2.6070
v -5.0596 -0.1324 -2.4199
v 0.0000 1.1757 -2.2343
v -0.4962 1.1141 -2.2337
v -0.4978 0.7924 -2.3667
v -0.4934 0.9472 -2.2876
v 0.0000 0.8305 -2.3040
v -0.9837 1.0890 -2.3123
v -1.4779 1.0909 -2.4610
v -0.4830 0.0991 -2.3950
v -0.4943 0.2715 -2.4390
v 0.0000 0.1665 -2.4020
v -1.5127 0.5346 -2.6794
v -1.0164 0.3996 -2.5828
v -1.5235 0.3442 -2.7271
v 0.0000 0.5118 -2.4299
v -0.4940 0.4422 -2.4164
v -0.4986 0.6149 -2.4033
v -2.8208 0.9345 -2.6418
v -3.2418 0.8481 -2.6324
v -1.9605 1.0617 -2.5691
v -2.3886 1.0054 -2.6166
v -2.4754 0.6169 -2.8331
v -2.3971 0.8029 -2.6873
v -1.9721 0.6707 -2.7007
v -0.9982 0.7544 -2.4662
v -1.4920 0.7169 -2.5886
v -1.4655 0.8927 -2.4913
v -0.4831 -1.2342 -2.0961
v -0.4767 -1.0704 -2.1461
v 0.0000 -1.1105 -2.1105
v -1.4640 -1.0807 -2.4380
v -0.9650 -1.0684 -2.2685
v -1.4637 -1.2536 -2.3584
v 0.0000 -0.8189 -2.2716
v -0.4888 -0.9383 -2.2662
v -0.4875 -0.7759 -2.3176
v -3.4713 -0.9081 -2.8188
v -2.9589 -0.9803 -2.7712
v -3.3644 -1.1021 -2.6630
v -2.0101 -0.6836 -2.7528
v -2.5127 -0.8416 -2.8169
v -2.5106 -0.6257 -2.8734
v -2.5348 -1.2827 -2.7060
v -2.5129 -1.0577 -2.7529
v -2.0474 -1.1088 -2.6830
v 0.0000 -0.1682 -2.4264
v -0.5012 -0.2753 -2.4729
v -0.4825 -0.0990 -2.3921
v -0.4939 -0.6091 -2.3804
v -0.5020 -0.4493 -2.4552
v 0.0000 -0.5048 -2.3965
v -1.5418 -0.3484 -2.7600
v -1.0193 -0.4008 -2.5904
v -1.5127 -0.5346 -2.6794
v -1.4850 -0.9046 -2.5245
v -1.4913 -0.7165 -2.5874
v -0.9747 -0.7366 -2.4081
v -3.4434 0.6374 -2.7930
v -2.6283 0.3932 -2.9943
v -3.0145 0.5134 -2.8851
v -3.5292 0.3896 -2.8604
v -3.6706 0.1388 -2.9738
v -0.9929 0.0000 -2.5485
v -2.0597 -0.2446 -2.8829
v -1.5216 -0.1147 -2.7218
v -1.5309 0.1154 -2.7385
v -2.0777 0.2467 -2.9082
v -3.5605 -0.6591 -2.8879
v -3.6788 -0.1391 -2.9804
v -3.6136 -0.3989 -2.9289
v -3.0829 -0.5250 -2.9506
v -2.5991 -0.3888 -2.9610
v -2.6445 0.1325 -3.0204
v -2.6369 -0.1321 -3.0117
v -3.1764 0.0000 -3.0329
v 0.8311 1.5203 -2.2786
v 0.5036 1.3191 -2.2402
v 1.4517 1.9059 -2.2519
v 1.1502 1.7149 -2.2779
v 1.5203 1.3989 -2.6316
v 1.3375 1.5620 -2.4525
v 1.8044 1.5786 -2.5997
v 2.5524 2.5949 -1.8852
v 2.2933 2.4419 -2.0131
v 2.7859 2.2114 -2.4894
v 2.5489 2.3472 -2.2593
v 3.0521 2.3564 -2.3469
v 2.0579 2.3108 -2.1515
v 1.7761 2.1265 -2.2266
v 3.3299 1.2523 -3.0261
v 3.2589 1.5292 -2.9547
v 3.7091 1.4430 -2.9635
v 2.2810 1.5794 -2.7366
v 2.7812 1.5793 -2.8841
v 2.4353 1.3755 -2.9018
v 3.4195 1.9409 -2.6942
v 3.1320 1.7812 -2.8302
v 2.9195 1.9697 -2.6258
v 1.9673 1.9786 -2.4272
v 2.4979 2.0328 -2.5958
v 2.1490 1.8035 -2.6141
v 4.3055 3.1080 -0.1542
v 4.3282 3.2580 -0.4195
v 4.9703 2.9847 -0.7461
v 4.7399 3.1846 -0.5941
v 5.1633 2.9839 -0.4854
v 4.1655 3.2688 -0.6788
v 3.9431 3.2248 -0.9213
v 5.5691 2.0737 -1.2816
v 5.4792 2.3123 -1.1651
v 5.8028 2.1019 -1.0371
v 4.6575 2.6603 -1.3800
v 5.0679 2.4888 -1.2746
v 4.8503 2.4587 -1.5196
v 5.6301 2.5963 -0.7889
v 5.4087 2.5737 -1.0480
v 5.2293 2.7922 -0.9079
v 3.2151 2.9784 -1.5842
v 2.9570 2.8559 -1.7650
v 3.7144 3.1680 -1.1664
v 3.4820 3.0945 -1.3877
v 4.0191 2.7840 -1.7206
v 3.7654 2.9548 -1.5616
v 4.2510 2.8471 -1.4925
v 4.7020 2.9238 -0.9955
v 4.4142 2.8466 -1.2303
v 4.2128 3.0627 -1.0866
v 6.3496 0.1618 -2.2774
v 6.2219 0.4116 -2.1328
v 6.5090 0.2560 -1.9708
v 5.9076 0.7565 -2.5614
v 6.1029 0.5842 -2.3577
v 5.7530 0.4793 -2.5965
v 6.6681 0.7763 -1.8230
v 6.2805 0.6701 -2.0552
v 6.4316 0.9441 -2.0066
v 4.3259 1.3429 -2.9908
v 4.8194 1.2301 -2.9614
v 4.3065 1.0678 -3.0651
v 5.5293 1.4652 -2.5090
v 5.1447 1.3415 -2.7213
v 5.1088 1.6066 -2.6101
v 5.1200 0.7923 -2.8934
v 5.2592 1.0907 -2.8767
v 5.5750 0.9264 -2.7209
v 6.1418 1.6868 -1.3059
v 6.0230 1.6446 -1.6002
v 5.8965 1.8696 -1.4731
v 6.3061 1.1927 -1.8696
v 6.1658 1.4200 -1.7341
v 6.5760 1.2749 -1.6027
v 5.6959 1.8012 -2.0995
v 5.9252 1.6057 -1.9122
v 5.8358 1.5663 -2.2413
v 5.8236 1.0158 -2.4319
v 5.8263 1.2897 -2.3369
v 6.2225 1.1328 -2.2028
v 3.0976 2.6330 -1.9229
v 4.1981 2.5560 -1.8950
v 3.6845 2.6412 -1.9420
v 3.3496 2.4899 -2.1442
v 3.5841 2.3155 -2.3494
v 5.4220 2.0271 -1.5644
v 5.1339 1.9405 -2.1593
v 5.2794 1.9838 -1.8583
v 5.1008 2.2411 -1.7016
v 4.6657 2.4020 -1.8003
v 4.1077 1.5872 -2.8161
v 3.7800 2.0841 -2.5262
v 3.9131 1.8271 -2.6527
v 4.4381 1.7020 -2.6030
v 4.8078 1.8302 -2.4066
v 4.3899 2.3136 -2.0591
v 4.5673 2.0596 -2.2169
v 4.0156 2.1659 -2.2609
v 4.5061 -3.2527 0.1614
v 4.2626 -3.2087 0.4131
v 3.9932 -3.3697 0.2577
v 4.7367 -2.8444 0.7110
v 4.5161 -3.0343 0.5661
v 4.8614 -2.8094 0.4570
v 3.5060 -3.2275 0.7306
v 4.0408 -3.1710 0.6585
v 3.8286 -3.1310 0.8945
v 5.7909 -2.1563 1.3327
v 5.5236 -2.3310 1.1745
v 6.0512 -2.1919 1.0815
v 4.6891 -2.6784 1.3894
v 5.0762 -2.4929 1.2767
v 4.8980 -2.4829 1.5345
v 5.3755 -2.4790 0.7532
v 5.3599 -2.5505 1.0386
v 5.0572 -2.7003 0.8780
v 2.6060 -2.8777 1.5383
v 3.1286 -2.8982 1.5416
v 2.9070 -2.8076 1.7352
v 3.6031 -3.0731 1.1314
v 3.3957 -3.0178 1.3533
v 3.0969 -3.1151 1.1746
v 3.9310 -2.7229 1.6829
v 3.6471 -2.8620 1.5125
v 4.1972 -2.8110 1.4736
v 4.6448 -2.8882 0.9834
v 4.4378 -2.8618 1.2369
v 4.1464 -3.0143 1.0694
v 6.2558 -0.1594 2.2438
v 6.2524 -0.4136 2.1432
v 6.6158 -0.2602 2.0032
v 5.8023 -0.7430 2.5157
v 6.0533 -0.5795 2.3385
v 5.7046 -0.4753 2.5747
v 6.5602 -0.7638 1.7934
v 6.2600 -0.6679 2.0485
v 6.2964 -0.9242 1.9644
v 4.2800 -1.3287 2.9591
v 4.6152 -1.1780 2.8360
v 4.3439 -1.0770 3.0918
v 5.3444 -1.4162 2.4251
v 5.0871 -1.3265 2.6908
v 4.9587 -1.5594 2.5333
v 4.9818 -0.7709 2.8153
v 5.0456 -1.0464 2.7599
v 5.4235 -0.9012 2.6470
v 6.3342 -1.7397 1.3468
v 6.1202 -1.6712 1.6261
v 5.9539 -1.8879 1.4874
v 6.1981 -1.1723 1.8376
v 6.1707 -1.4211 1.7354
v 6.4426 -1.2491 1.5701
v 5.4552 -1.7251 2.0108
v 5.8423 -1.5832 1.8855
v 5.5397 -1.4868 2.1275
v 5.7496 -1.0029 2.4010
v 5.6539 -1.2516 2.2678
v 6.0063 -1.0934 2.1263
v 0.3133 -1.4754 2.1129
v 0.8135 -1.4881 2.2303
v 0.5009 -1.3120 2.2282
v 1.4623 -1.9198 2.2683
v 1.1274 -1.6810 2.2327
v 0.9516 -1.8485 2.0976
v 1.5047 -1.3845 2.6046
v 1.3110 -1.5310 2.4038
v 1.8206 -1.5928 2.6230
v 2.5708 -2.6135 1.8988
v 2.2930 -2.4416 2.0128
v 2.0587 -2.5330 1.7884
v 2.7397 -2.1748 2.4482
v 2.5261 -2.3263 2.2392
v 3.0181 -2.3301 2.3208
v 1.5143 -2.1758 1.9608
v 2.0414 -2.2922 2.1342
v 1.7788 -2.1297 2.2300
v 3.5120 -1.3208 3.1916
v 3.3338 -1.5643 3.0225
v 3.8259 -1.4885 3.0569
v 2.3482 -1.6259 2.8173
v 2.8531 -1.6202 2.9587
v 2.5178 -1.4220 3.0001
v 3.3741 -1.9151 2.6584
v 3.1557 -1.7947 2.8516
v 2.9503 -1.9905 2.6535
v 1.9345 -1.9456 2.3867
v 2.4478 -1.9921 2.5437
v 2.1588 -1.8117 2.6260
v 5.6098 -2.0973 1.6186
v 5.0348 -1.9030 2.1176
v 5.3234 -2.0003 1.8738
v 5.1771 -2.2746 1.7271
v 4.7306 -2.4354 1.8253
v 4.1889 -1.6186 2.8717
v 3.7064 -2.0435 2.4770
v 3.9149 -1.8279 2.6539
v 4.4750 -1.7162 2.6246
v 4.7605 -1.8122 2.3830
v 3.1174 -2.6499 1.9352
v 4.1717 -2.5399 1.8831
v 3.6314 -2.6031 1.9140
v 3.3906 -2.5203 2.1704
v 3.5338 -2.2830 2.3164
v 4.6143 -2.0808 2.2397
v 4.0555 -2.1874 2.2833
v 4.3811 -2.3089 2.0549
v 3.5468 -3.4583 0.2549
v 3.7336 -3.4793 0.0000
v 3.0791 -3.2964 0.7223
v 3.3131 -3.3845 0.4972
v 2.7641 -3.4936 0.0000
v 3.0143 -3.4215 0.2449
v 2.5215 -3.3668 0.2350
v 2.0842 -2.7756 1.4469
v 2.3299 -2.9198 1.2955
v 1.7716 -2.9201 0.8241
v 2.0855 -2.9820 1.0730
v 1.5176 -2.7481 0.9683
v 2.5945 -3.0769 1.1322
v 2.8573 -3.2208 0.9487
v 0.5165 -2.5423 0.0000
v 0.8386 -2.6701 0.1796
v 0.3079 -2.4900 0.1667
v 1.9386 -3.1550 0.2173
v 1.3761 -2.8883 0.1960
v 1.6142 -3.0400 0.0000
v 0.9304 -2.6475 0.5407
v 1.1677 -2.8019 0.3812
v 1.4601 -2.8527 0.5886
v 2.5636 -3.2370 0.6960
v 2.0237 -3.0913 0.6517
v 2.2585 -3.2176 0.4500
v -0.3148 -1.4598 2.0905
v 0.0000 -1.5674 1.9956
v -0.6179 -1.7945 1.8159
v -0.3143 -1.6836 1.9091
v -0.9236 -1.7141 1.9451
v 0.3157 -1.7173 1.9473
v 0.6234 -1.8667 1.8890
v -1.8128 -2.4205 1.4960
v -1.5197 -2.2545 1.5879
v -2.1547 -2.4080 1.7001
v -0.3069 -2.0315 1.4275
v -0.9108 -2.1249 1.4943
v -0.5855 -2.1114 1.3049
v -1.5847 -2.1171 1.9078
v -1.2459 -2.1286 1.6973
v -0.9398 -1.9631 1.7610
v 1.4855 -2.3687 1.6683
v 1.7690 -2.5687 1.5876
v 0.9414 -2.0579 1.8461
v 1.2088 -2.1913 1.7473
v 0.5880 -2.1847 1.3502
v 0.8875 -2.1655 1.5229
v 0.3060 -2.0576 1.4459
v -0.3136 -1.8883 1.6953
v 0.0000 -1.9832 1.5766
v 0.3164 -1.9349 1.7372
v -3.5908 -2.9015 0.0000
v -3.4800 -2.9540 0.2177
v -3.9259 -2.8518 0.2181
v -2.5325 -3.0342 0.2118
v -3.0181 -3.0240 0.2164
v -2.6899 -3.0328 0.0000
v -3.6061 -2.8814 0.6523
v -3.3554 -2.9982 0.4405
v -3.1709 -2.9857 0.6542
v -0.3043 -2.4232 0.1622
v -0.8243 -2.5177 0.1694
v -0.5187 -2.4865 0.0000
v -1.4842 -2.7031 0.5578
v -1.1226 -2.5460 0.3464
v -0.9190 -2.4974 0.5100
v -1.5770 -2.7554 0.0000
v -1.3743 -2.7000 0.1832
v -1.9603 -2.9210 0.2012
v -2.6715 -2.6290 1.4054
v -2.4045 -2.7107 1.2028
v -2.1575 -2.6090 1.3600
v -2.9387 -2.9333 0.8640
v -2.6466 -2.7996 1.0302
v -3.2284 -2.8509 1.0750
v -1.5463 -2.6019 0.9168
v -2.1133 -2.7473 0.9885
v -1.8117 -2.7470 0.7752
v -2.3250 -2.9945 0.4188
v -2.0501 -2.8549 0.6018
v -2.6537 -2.9956 0.6441
v 1.4683 -2.5277 1.3221
v 0.3059 -2.1929 1.1505
v 0.8994 -2.3644 1.2392
v 1.2144 -2.5627 1.1163
v 0.9095 -2.4879 0.8842
v -1.5477 -2.4782 1.2962
v -0.9477 -2.4754 0.8798
v -1.2498 -2.4845 1.0822
v -0.9200 -2.3121 1.2118
v -0.3068 -2.1651 1.1360
v 0.0000 -2.3962 0.3228
v 0.6116 -2.4848 0.6868
v 0.3068 -2.4362 0.4987
v -0.3066 -2.3966 0.4906
v -0.6191 -2.4386 0.6740
v 0.0000 -2.2181 0.9709
v -0.3114 -2.3390 0.8300
v 0.3096 -2.3623 0.8383
v 3.5698 -3.4808 -0.2566
v 4.0179 -3.3906 -0.2593
v 2.5137 -3.3563 -0.2343
v 3.0572 -3.4702 -0.2484
v 3.5044 -3.2260 -0.7303
v 3.2828 -3.3535 -0.4927
v 3.0228 -3.2361 -0.7091
v 0.2987 -2.4158 -0.1617
v 0.8329 -2.6522 -0.1784
v 1.4595 -2.8515 -0.5884
v 1.1648 -2.7948 -0.3802
v 0.9193 -2.6162 -0.5343
v 1.3863 -2.9098 -0.1975
v 1.9431 -3.1623 -0.2178
v 2.5785 -2.8474 -1.5221
v 2.3015 -2.8842 -1.2797
v 2.0317 -2.7056 -1.4104
v 2.7866 -3.1411 -0.9252
v 2.5376 -3.0094 -1.1074
v 3.0892 -3.1073 -1.1717
v 1.5000 -2.7161 -0.9570
v 2.0089 -2.8726 -1.0336
v 1.7056 -2.8113 -0.7934
v 2.2859 -3.2566 -0.4555
v 1.9898 -3.0396 -0.6408
v 2.5336 -3.1991 -0.6878
v -3.9898 -2.8982 -0.2216
v -3.4727 -2.9478 -0.2173
v -3.0989 -2.9180 -0.6394
v -3.3338 -2.9789 -0.4376
v -3.6122 -2.8863 -0.6534
v -2.9563 -2.9620 -0.2120
v -2.4752 -2.9656 -0.2070
v -2.0589 -2.4898 -1.2979
v -2.2938 -2.5858 -1.1474
v -2.5831 -2.5420 -1.3589
v -1.7957 -2.7228 -0.7684
v -2.0667 -2.6868 -0.9667
v -1.5068 -2.5354 -0.8934
v -3.0839 -2.7233 -1.0269
v -2.6065 -2.7572 -1.0146
v -2.8234 -2.8182 -0.8301
v -0.8261 -2.5231 -0.1697
v -0.2996 -2.3857 -0.1597
v -1.9340 -2.8818 -0.1985
v -1.3557 -2.6634 -0.1807
v -0.9090 -2.4700 -0.5044
v -1.1338 -2.5712 -0.3498
v -1.4700 -2.6773 -0.5524
v -2.5641 -2.8945 -0.6224
v -2.0054 -2.7926 -0.5887
v -2.2634 -2.9152 -0.4077
v 0.3040 -1.4314 -2.0498
v 0.0000 -1.5522 -1.9762
v -0.3047 -1.4125 -2.0228
v 0.5990 -1.7938 -1.8152
v 0.3052 -1.6605 -1.8829
v 0.8942 -1.7368 -1.9709
v -0.9410 -1.7464 -1.9818
v -0.3088 -1.6539 -1.8754
v -0.6198 -1.8000 -1.8214
v 1.7460 -2.5353 -1.5669
v 1.5013 -2.3938 -1.6860
v 2.0656 -2.5414 -1.7943
v 0.3052 -2.0519 -1.4418
v 0.9012 -2.1990 -1.5464
v 0.5971 -2.2184 -1.3710
v 1.4875 -2.1373 -1.9260
v 1.2052 -2.1848 -1.7421
v 0.8976 -1.9622 -1.7602
v -2.1260 -2.3760 -1.6775
v -1.5146 -2.2469 -1.5826
v -1.7879 -2.3874 -1.4755
v -0.9480 -1.9801 -1.7763
v -1.2253 -2.0934 -1.6693
v -1.5713 -2.0992 -1.8917
v -0.5859 -2.1128 -1.3058
v -0.9032 -2.1072 -1.4818
v -0.3038 -2.0113 -1.4133
v 0.3007 -1.8390 -1.6510
v 0.0000 -1.9233 -1.5290
v -0.3033 -1.8258 -1.6392
v 0.0000 -2.3704 -0.3194
v -0.6029 -2.3746 -0.6563
v -0.2996 -2.3421 -0.4794
v 0.3000 -2.3821 -0.4876
v 0.6037 -2.4525 -0.6779
v -1.4738 -2.3599 -1.2343
v -0.3102 -2.1893 -1.1487
v -0.8852 -2.2246 -1.1659
v -1.2141 -2.4135 -1.0513
v -0.9253 -2.4168 -0.8589
v 1.4576 -2.5092 -1.3124
v 0.8989 -2.4588 -0.8738
v 1.1964 -2.5247 -1.0997
v 0.8893 -2.3378 -1.2253
v 0.3119 -2.2363 -1.1733
v -0.3084 -2.3162 -0.8219
v 0.0000 -2.3014 -1.0073
v 0.3070 -2.3427 -0.8313
v 4.2596 -3.2064 -0.4128
v 4.4927 -3.2431 -0.1609
v 3.8359 -3.1371 -0.8962
v 4.0426 -3.1724 -0.6588
v 4.9111 -2.8381 -0.4617
v 4.5303 -3.0438 -0.5678
v 4.8303 -2.9006 -0.7251
v 2.8784 -2.7800 -1.7181
v 3.0943 -2.8664 -1.5247
v 4.1043 -2.7488 -1.4410
v 3.6353 -2.8527 -1.5076
v 3.8953 -2.6982 -1.6676
v 3.3788 -3.0028 -1.3466
v 3.6266 -3.0931 -1.1388
v 5.9756 -2.1645 -1.0679
v 5.4702 -2.3085 -1.1632
v 5.7040 -2.1239 -1.3127
v 5.0026 -2.6711 -0.8685
v 5.1787 -2.4643 -1.0035
v 5.3813 -2.4816 -0.7541
v 4.8090 -2.4378 -1.5066
v 5.0261 -2.4682 -1.2641
v 4.5954 -2.6248 -1.3616
v 4.1714 -3.0326 -1.0759
v 4.4266 -2.8546 -1.2338
v 4.6192 -2.8723 -0.9780
v 0.4844 -1.2689 -2.1549
v 0.7891 -1.4436 -2.1636
v 1.7822 -1.5592 -2.5677
v 1.2857 -1.5014 -2.3575
v 1.4601 -1.3434 -2.5273
v 1.0874 -1.6212 -2.1534
v 1.3923 -1.8278 -2.1596
v 3.7473 -1.4579 -2.9940
v 3.2778 -1.5380 -2.9718
v 3.4644 -1.3029 -3.1483
v 2.8820 -1.9444 -2.5921
v 3.0991 -1.7625 -2.8004
v 3.3179 -1.8832 -2.6141
v 2.5375 -1.4332 -3.0235
v 2.8108 -1.5962 -2.9148
v 2.3027 -1.5944 -2.7627
v 2.3237 -2.4743 -2.0397
v 2.5856 -2.6286 -1.9098
v 1.6907 -2.0243 -2.1196
v 2.0056 -2.2521 -2.0968
v 2.9902 -2.3086 -2.2993
v 2.4849 -2.2883 -2.2027
v 2.6741 -2.1227 -2.3896
v 2.0728 -1.7395 -2.5214
v 2.4071 -1.9589 -2.5014
v 1.8859 -1.8967 -2.3267
v 6.6454 -0.2613 -2.0121
v 6.3784 -0.4219 -2.1864
v 6.3894 -0.1628 -2.2917
v 6.4994 -0.9540 -2.0278
v 6.4746 -0.6908 -2.1187
v 6.8679 -0.7996 -1.8776
v 5.7370 -0.4780 -2.5893
v 6.0160 -0.5759 -2.3241
v 5.5907 -0.7159 -2.4239
v 6.1702 -1.9564 -1.5414
v 6.4336 -1.7568 -1.7093
v 6.5002 -1.7853 -1.3821
v 5.4568 -1.4646 -2.0957
v 6.0356 -1.6356 -1.9479
v 5.4410 -1.7206 -2.0056
v 7.0273 -1.3624 -1.7126
v 6.6029 -1.5207 -1.8570
v 6.5875 -1.2459 -1.9531
v 4.2897 -1.0636 -3.0532
v 4.5011 -1.1489 -2.7659
v 4.2233 -1.3111 -2.9199
v 5.2951 -0.8799 -2.5843
v 4.9175 -1.0198 -2.6898
v 5.0169 -0.7763 -2.8351
v 4.6901 -1.4750 -2.3962
v 4.7628 -1.2419 -2.5192
v 5.0869 -1.3480 -2.3083
v 5.9865 -1.0898 -2.1193
v 5.6092 -1.2417 -2.2498
v 5.6020 -0.9771 -2.3394
v 3.0741 -2.6131 -1.9083
v 3.5394 -2.2866 -2.3201
v 3.2799 -2.4381 -2.0996
v 3.6336 -2.6047 -1.9151
v 4.1230 -2.5103 -1.8611
v 4.0534 -1.5662 -2.7788
v 4.6537 -1.7715 -2.3295
v 4.3797 -1.6796 -2.5687
v 3.9427 -1.8409 -2.6728
v 3.7159 -2.0487 -2.4833
v 5.5021 -2.0570 -1.5875
v 4.6247 -2.3809 -1.7845
v 5.0317 -2.2107 -1.6785
v 5.2968 -1.9903 -1.8644
v 4.9377 -1.8664 -2.0768
v 4.0743 -2.1975 -2.2939
v 4.5447 -2.0494 -2.2059
v 4.4442 -2.3422 -2.0845
v 4.7292 -3.0546 0.0000
v 5.2184 -2.6980 -0.3066
v 4.9428 -2.8554 -0.1549
v 4.9061 -2.8342 0.1537
v 5.1078 -2.6408 0.3001
v 6.3815 -2.0262 -0.9253
v 6.1231 -2.2138 -0.7736
v 6.1796 -2.2302 -0.1579
v 6.1807 -2.2319 -0.4653
v 6.4336 -2.0440 -0.3060
v 5.7808 -2.3636 -0.6130
v 5.4760 -2.5153 -0.4599
v 6.0796 -2.1981 0.7681
v 6.3476 -2.0155 0.9204
v 5.3843 -2.4731 0.4522
v 5.8131 -2.3768 0.6164
v 6.3323 -2.0118 0.3012
v 6.1927 -2.2363 0.4662
v 6.1519 -2.2202 0.1572
v 5.4592 -2.5100 -0.1530
v 5.8568 -2.3884 0.0000
v 5.4293 -2.4963 0.1521
v 6.7121 0.0000 -1.8172
v 6.7541 -0.2562 -1.7337
v 7.2006 -0.2589 -1.2419
v 6.9736 -0.2570 -1.4869
v 7.1128 0.0000 -1.3208
v 7.0436 -0.5326 -1.7073
v 7.0935 -0.7999 -1.6183
v 7.2285 -0.2495 -0.1542
v 7.3087 -0.2535 -0.4195
v 7.2704 0.0000 -0.2598
v 7.3117 -0.7775 -0.7518
v 7.2188 -0.5063 -0.5758
v 7.3325 -0.7718 -0.4770
v 7.2576 0.0000 -0.7880
v 7.2855 -0.2549 -0.6872
v 7.2151 -0.2561 -0.9514
v 6.7857 -1.5486 -1.2346
v 6.5732 -1.7616 -1.0887
v 7.1173 -1.0788 -1.5136
v 7.0584 -1.3364 -1.3954
v 7.3070 -1.3259 -0.8194
v 7.1358 -1.3217 -1.0974
v 7.2688 -1.0566 -0.9298
v 7.0905 -0.5109 -1.1174
v 7.1366 -0.7750 -1.0182
v 7.0401 -0.7795 -1.2990
v 6.9236 -0.2626 1.7772
v 6.9462 0.0000 1.8806
v 6.8247 -0.7696 1.5570
v 6.8206 -0.5157 1.6533
v 7.2075 0.0000 1.3384
v 7.0698 -0.2606 1.5074
v 7.3262 -0.2634 1.2636
v 6.4716 -1.7344 1.0719
v 6.7395 -1.5381 1.2262
v 7.3583 -1.0696 0.9412
v 7.1622 -1.3266 1.1015
v 7.0824 -1.2851 0.7942
v 6.7945 -1.2864 1.3432
v 6.8981 -1.0456 1.4670
v 7.1703 0.0000 0.2562
v 7.3899 -0.2563 0.4241
v 7.2190 -0.2492 0.1540
v 7.3692 -0.2615 0.9717
v 7.3938 -0.2586 0.6974
v 7.4208 0.0000 0.8057
v 7.3823 -0.7771 0.4802
v 7.4486 -0.5224 0.5941
v 7.3377 -0.7802 0.7544
v 7.1774 -0.7947 1.3243
v 7.2291 -0.7851 1.0314
v 7.1637 -0.5162 1.1290
v 6.7017 -1.8028 -0.7867
v 7.2808 -1.3328 -0.4925
v 6.9765 -1.5643 -0.6390
v 6.5670 -1.7708 -0.4601
v 6.6273 -1.7891 -0.1592
v 7.2867 -0.5062 0.0000
v 7.2904 -1.0384 0.3187
v 7.3865 -0.7794 0.1605
v 7.3329 -0.7737 -0.1593
v 7.3077 -1.0408 -0.3195
v 6.4880 -1.7453 0.7616
v 6.5749 -1.7750 0.1579
v 6.5234 -1.7590 0.4571
v 6.7154 -1.5058 0.6151
v 7.0718 -1.2945 0.4783
v 7.1557 -1.3081 -0.1617
v 7.0746 -1.2932 0.1599
v 6.7607 -1.5236 0.0000
v 0.4908 -1.1299 2.2653
v 1.5083 -1.1963 2.6988
v 0.9998 -1.1628 2.4690
v 0.4909 -0.9663 2.3338
v 0.4792 -0.7822 2.3363
v 3.4787 -1.0452 3.2442
v 3.0763 -1.1558 3.2672
v 2.0914 -0.7808 3.1441
v 2.6326 -0.9851 3.2971
v 2.5520 -0.7105 3.2627
v 2.5996 -1.2220 3.1806
v 2.0657 -1.2275 2.9704
v 0.5179 -0.2918 2.6211
v 0.5399 -0.1136 2.7459
v 0.4849 -0.6133 2.3969
v 0.4978 -0.4570 2.4974
v 1.5348 -0.3729 2.9541
v 1.0268 -0.4244 2.7427
v 1.5274 -0.5804 2.9088
v 1.5357 -1.0057 2.8068
v 1.5372 -0.7943 2.8681
v 0.9910 -0.7871 2.5730
v 6.0419 0.0000 2.4346
v 5.2773 0.3066 2.6660
v 5.7084 0.1586 2.5789
v 5.7500 -0.1597 2.5977
v 5.4109 -0.3144 2.7335
v 3.9545 0.8985 3.1836
v 4.3127 0.7587 3.0826
v 4.4437 0.1587 3.1890
v 4.3831 0.4606 3.1414
v 4.0525 0.3028 3.2733
v 4.7156 0.6202 2.9993
v 4.9633 0.4624 2.8192
v 4.3226 -0.7605 3.0897
v 3.9886 -0.9063 3.2111
v 5.1098 -0.4761 2.9024
v 4.6414 -0.6105 2.9521
v 4.0153 -0.3001 3.2432
v 4.2760 -0.4493 3.0646
v 4.4478 -0.1588 3.1919
v 5.0557 0.1570 2.8705
v 4.7824 0.0000 3.0534
v 5.1226 -0.1591 2.9085
v 0.5020 1.1558 2.3172
v 0.5177 0.8449 2.5237
v 0.5096 1.0030 2.4225
v 1.0025 1.1660 2.4758
v 1.5223 1.2074 2.7238
v 0.5396 0.1135 2.7443
v 0.5274 0.2971 2.6691
v 1.6001 0.6080 3.0471
v 1.0705 0.4425 2.8595
v 1.6003 0.3888 3.0802
v 0.5286 0.4853 2.6519
v 0.5264 0.6659 2.6024
v 3.0584 1.1490 3.2482
v 3.5253 1.0592 3.2877
v 2.0807 1.2365 2.9920
v 2.5680 1.2072 3.1419
v 2.6108 0.7269 3.3378
v 2.6133 0.9778 3.2730
v 2.1052 0.7859 3.1649
v 1.0523 0.8358 2.7322
v 1.6080 0.8309 3.0002
v 1.5508 1.0156 2.8345
v 3.5411 -0.7543 3.3050
v 3.6349 -0.1585 3.3952
v 3.5038 -0.4456 3.2720
v 3.0782 -0.5956 3.3472
v 2.6047 -0.4361 3.3207
v 3.5285 0.7516 3.2933
v 2.6988 0.4518 3.4406
v 3.1211 0.6039 3.3938
v 3.6074 0.4588 3.3688
v 3.6473 0.1590 3.4068
v 1.0817 0.0000 2.9188
v 2.0948 -0.2732 3.2201
v 1.5858 -0.1286 3.0519
v 1.5959 0.1294 3.0712
v 2.1095 0.2751 3.2428
v 3.2489 0.0000 3.5300
v 2.6724 0.1499 3.4173
v 2.6513 -0.1487 3.3904
v -4.1487 -2.6688 0.3436
v -3.8162 -2.6875 0.7678
v -3.9555 -2.6621 0.5528
v -4.3934 -2.5076 0.4678
v -4.6514 -2.3614 0.5903
v -2.9546 -2.5183 1.5564
v -3.1728 -2.5746 1.3695
v -4.1112 -2.3526 1.2333
v -3.6670 -2.4858 1.3137
v -3.9031 -2.3211 1.4345
v -3.4511 -2.6692 1.1970
v -3.6466 -2.6916 0.9910
v -5.3517 -1.8906 0.9526
v -5.5817 -1.7364 1.0731
v -4.9310 -2.2168 0.7208
v -5.1285 -2.0482 0.8340
v -4.7463 -2.0306 1.2550
v -4.9829 -2.0589 1.0545
v -4.5060 -2.1798 1.1308
v -4.0442 -2.5152 0.8924
v -4.1847 -2.2959 0.9923
v -4.4116 -2.3257 0.7919
v -0.8162 -1.4342 2.1496
v -1.7992 -1.4457 2.3809
v -1.3167 -1.4427 2.2652
v -1.1314 -1.5966 2.1207
v -1.4385 -1.7629 2.0830
v -3.6966 -1.2425 2.5516
v -3.2029 -1.3133 2.5375
v -3.0702 -1.8262 2.4346
v -3.0906 -1.5421 2.4503
v -3.5380 -1.7472 2.4253
v -2.7307 -1.3739 2.5089
v -2.2909 -1.4284 2.4751
v -2.4701 -2.3677 1.9518
v -2.7373 -2.4809 1.8024
v -1.7994 -1.9840 2.0774
v -2.1641 -2.2114 2.0590
v -3.2179 -2.1838 2.1751
v -2.7112 -2.2297 2.1462
v -2.8940 -2.0375 2.2937
v -2.1313 -1.6215 2.3503
v -2.4793 -1.8079 2.3086
v -1.9671 -1.8070 2.2167
v -6.4784 -0.3564 1.8469
v -6.3312 -0.7728 1.6425
v -6.4276 -0.5703 1.7489
v -6.2429 -0.4982 2.0105
v -5.8102 -0.6221 2.1063
v -5.8862 -1.5564 1.2262
v -6.0827 -1.3835 1.3461
v -5.5978 -1.2575 1.7993
v -5.9135 -1.3376 1.5930
v -5.5442 -1.4688 1.7121
v -6.1856 -1.1856 1.4478
v -6.2935 -0.9901 1.5520
v -4.6505 -1.0070 2.4243
v -4.2912 -1.1384 2.5352
v -5.4267 -0.7569 2.2232
v -5.0466 -0.8826 2.3280
v -5.0469 -1.3399 2.1768
v -5.0039 -1.1008 2.2329
v -5.3503 -1.1908 2.0392
v -6.0094 -0.9120 1.7735
v -5.6322 -1.0428 1.8895
v -5.6742 -0.8276 1.9813
v -3.2489 -2.4198 1.7672
v -3.8073 -2.1308 2.1620
v -3.5463 -2.2955 1.9768
v -3.7644 -2.3315 1.7142
v -4.1847 -2.1773 1.6142
v -4.1774 -1.3826 2.4531
v -4.9456 -1.5927 2.0944
v -4.5969 -1.4996 2.2935
v -4.0337 -1.6181 2.3493
v -3.9683 -1.8865 2.2867
v -5.5615 -1.7406 1.3433
v -4.5934 -2.0028 1.5011
v -5.0300 -1.8595 1.4118
v -5.3689 -1.6933 1.5862
v -5.2066 -1.6574 1.8443
v -4.2256 -1.9511 2.0367
v -4.7259 -1.8075 1.9456
v -4.4292 -1.9864 1.7679
v -0.8185 -1.4383 -2.1556
v -1.4579 -1.7867 -2.1110
v -1.1420 -1.6117 -2.1407
v -1.3331 -1.4607 -2.2934
v -1.8189 -1.4615 -2.4069
v -2.6389 -2.3916 -1.7376
v -2.3438 -2.2466 -1.8520
v -2.8546 -2.0098 -2.2625
v -2.6511 -2.1803 -2.0986
v -3.1427 -2.1328 -2.1242
v -2.1000 -2.1459 -1.9980
v -1.8139 -2.0000 -2.0942
v -3.2492 -1.3322 -2.5741
v -3.6438 -1.2248 -2.5152
v -2.3509 -1.4658 -2.5399
v -2.7952 -1.4064 -2.5682
v -3.3990 -1.6785 -2.3301
v -3.1005 -1.5471 -2.4581
v -2.9846 -1.7753 -2.3667
v -1.9962 -1.8338 -2.2495
v -2.5364 -1.8496 -2.3618
v -2.1556 -1.6400 -2.3771
v -4.2861 -2.7573 -0.3550
v -5.0139 -2.5454 -0.6363
v -4.6445 -2.6509 -0.4946
v -4.1237 -2.7752 -0.5763
v -3.9157 -2.7576 -0.7878
v -5.7475 -1.7880 -1.1050
v -5.6759 -2.0052 -1.0103
v -4.9122 -2.3763 -1.2327
v -5.4101 -2.2355 -1.1449
v -5.1537 -2.2049 -1.3627
v -5.6006 -2.2368 -0.9108
v -5.3130 -2.3885 -0.7766
v -3.1643 -2.5677 -1.3658
v -2.9167 -2.4859 -1.5364
v -3.6347 -2.6828 -0.9877
v -3.3930 -2.6242 -1.1768
v -4.0493 -2.4080 -1.4882
v -3.7466 -2.5397 -1.3422
v -4.3228 -2.4737 -1.2968
v -4.8025 -2.5317 -0.8620
v -4.6360 -2.5435 -1.0993
v -4.2851 -2.6650 -0.9455
v -6.3357 -0.3486 -1.8062
v -5.7058 -0.6110 -2.0685
v -5.9792 -0.4772 -1.9256
v -6.3610 -0.5644 -1.7308
v -6.1644 -0.7524 -1.5992
v -4.1914 -1.1119 -2.4763
v -4.6462 -1.0060 -2.4220
v -5.3431 -1.1892 -2.0364
v -5.0630 -1.1138 -2.2593
v -4.9379 -1.3110 -2.1298
v -5.1156 -0.8947 -2.3598
v -5.4415 -0.7590 -2.2292
v -5.9607 -1.3557 -1.3191
v -5.8847 -1.5560 -1.2259
v -6.0182 -0.9468 -1.4841
v -5.9816 -1.1465 -1.4001
v -5.6177 -1.4883 -1.7348
v -5.7888 -1.3094 -1.5594
v -5.7097 -1.2826 -1.8353
v -5.6456 -0.8234 -1.9713
v -5.6063 -1.0380 -1.8808
v -5.9093 -0.8968 -1.7440
v -3.2520 -2.4221 -1.7689
v -4.1839 -2.1768 -1.6139
v -3.7059 -2.2952 -1.6876
v -3.4642 -2.2424 -1.9311
v -3.6210 -2.0265 -2.0562
v -5.5976 -1.7519 -1.3520
v -5.1719 -1.6464 -1.8320
v -5.3828 -1.6977 -1.5903
v -5.2615 -1.9451 -1.4768
v -4.7451 -2.0689 -1.5507
v -4.0571 -1.3428 -2.3824
v -3.7594 -1.7872 -2.1664
v -3.9273 -1.5754 -2.2873
v -4.3527 -1.4200 -2.1716
v -4.7081 -1.5163 -1.9938
v -4.5260 -2.0298 -1.8065
v -4.7710 -1.8247 -1.9641
v -4.2163 -1.9468 -2.0322
v 6.1498 0.0000 -2.4781
v 5.5206 -0.3207 -2.7889
v 5.8048 -0.1613 -2.6224
v 5.7871 0.1608 -2.6144
v 5.4635 0.3174 -2.7600
v 3.9885 -0.9062 -3.2110
v 4.3657 -0.7680 -3.1205
v 4.4786 -0.1599 -3.2141
v 4.4769 -0.4704 -3.2085
v 4.0819 -0.3050 -3.2970
v 4.6961 -0.6177 -2.9869
v 5.1031 -0.4754 -2.8986
v 4.3715 0.7691 -3.1246
v 3.8878 0.8833 -3.1299
v 5.0970 0.4749 -2.8951
v 4.8554 0.6386 -3.0882
v 3.9847 0.2978 -3.2186
v 4.3835 0.4606 -3.1416
v 4.4894 0.1603 -3.2218
v 5.1835 -0.1610 -2.9431
v 4.8931 0.0000 -3.1241
v 5.1939 0.1613 -2.9490
v 0.4833 -1.1127 -2.2308
v 0.4872 -0.7953 -2.3754
v 0.4780 -0.9409 -2.2725
v 0.9787 -1.1383 -2.4170
v 1.4891 -1.1810 -2.6644
v 0.4775 -0.1005 -2.4283
v 0.4891 -0.2755 -2.4751
v 1.5255 -0.5796 -2.9051
v 0.9893 -0.4089 -2.6426
v 1.4881 -0.3615 -2.8642
v 0.4938 -0.4533 -2.4772
v 0.5002 -0.6327 -2.4727
v 3.0149 -1.1327 -3.2020
v 3.4364 -1.0325 -3.2048
v 2.0569 -1.2224 -2.9579
v 2.5694 -1.2079 -3.1436
v 2.5299 -0.7044 -3.2345
v 2.5287 -0.9462 -3.1669
v 2.0584 -0.7685 -3.0945
v 1.0057 -0.7987 -2.6112
v 1.5580 -0.8050 -2.9069
v 1.5209 -0.9960 -2.7798
v 0.5028 1.1574 -2.3206
v 1.5029 1.1920 -2.6890
v 1.0209 1.1874 -2.5213
v 0.4964 0.9772 -2.3601
v 0.4918 0.8027 -2.3976
v 3.2995 0.9913 -3.0771
v 2.8918 1.0865 -3.0713
v 1.9873 0.7419 -2.9876
v 2.4420 0.9137 -3.0584
v 2.4195 0.6736 -3.0933
v 2.4511 1.1522 -2.9989
v 1.9756 1.1740 -2.8410
v 0.4864 0.2740 -2.4616
v 0.4781 0.1006 -2.4312
v 0.4985 0.6305 -2.4642
v 0.4873 0.4473 -2.4445
v 1.4492 0.3521 -2.7893
v 0.9657 0.3991 -2.5796
v 1.4707 0.5588 -2.8008
v 1.4885 0.9748 -2.7206
v 1.5060 0.7781 -2.8098
v 1.0022 0.7959 -2.6020
v 3.4415 -0.7331 -3.2121
v 2.5207 -0.4220 -3.2137
v 2.9621 -0.5731 -3.2210
v 3.4853 -0.4433 -3.2548
v 3.5242 -0.1537 -3.2918
v 0.9549 0.0000 -2.5766
v 1.9597 0.2556 -3.0125
v 1.4566 0.1181 -2.8032
v 1.4537 -0.1179 -2.7975
v 1.9687 -0.2567 -3.0262
v 3.4924 0.7440 -3.2596
v 3.4967 0.1525 -3.2661
v 3.5276 0.4486 -3.2943
v 3.0052 0.5815 -3.2678
v 2.4257 0.4061 -3.0926
v 2.4792 -0.1391 -3.1703
v 2.4763 0.1389 -3.1666
v 3.0016 0.0000 -3.2613
v 6.8689 0.2606 1.7631
v 7.3160 0.2631 1.2618
v 7.1949 0.2652 1.5340
v 6.8270 0.5162 1.6548
v 6.7548 0.7617 1.5410
v 7.1904 0.2482 0.1534
v 7.3251 0.2541 0.4204
v 7.2740 0.7735 0.7479
v 7.2995 0.5119 0.5822
v 7.2874 0.7671 0.4741
v 7.3342 0.2566 0.6918
v 7.3748 0.2617 0.9725
v 6.6940 1.5277 1.2180
v 6.5581 1.7576 1.0862
v 6.8123 1.0326 1.4488
v 6.7096 1.2703 1.3264
v 6.9296 1.2574 0.7771
v 6.7911 1.2579 1.0444
v 7.1260 1.0358 0.9115
v 7.3588 0.5303 1.1597
v 7.1195 0.7732 1.0157
v 7.0339 0.7788 1.2978
v 6.7583 0.2564 -1.7347
v 6.8655 0.7742 -1.5663
v 6.8365 0.5169 -1.6571
v 6.9161 0.2549 -1.4746
v 7.0906 0.2550 -1.2230
v 6.3618 1.7050 -1.0537
v 6.5731 1.5001 -1.1960
v 7.3364 1.0664 -0.9384
v 7.1363 1.3218 -1.0975
v 7.1236 1.2926 -0.7989
v 6.8591 1.2986 -1.3560
v 6.9419 1.0522 -1.4763
v 7.3695 0.2556 -0.4229
v 7.2752 0.2511 -0.1552
v 7.2782 0.2583 -0.9597
v 7.3447 0.2569 -0.6928
v 7.6148 0.8015 -0.4954
v 7.6286 0.5350 -0.6085
v 7.4711 0.7944 -0.7682
v 6.9662 0.7713 -1.2853
v 7.2277 0.7849 -1.0312
v 7.0585 0.5086 -1.1124
v 4.6944 3.0321 0.0000
v 5.4877 2.8372 0.3224
v 5.1242 2.9602 0.1605
v 5.1660 2.9844 -0.1619
v 5.5132 2.8505 -0.3240
v 6.2689 1.9905 0.9090
v 6.0519 2.1881 0.7646
v 6.3086 2.2767 0.1612
v 6.1626 2.2254 0.4640
v 6.5068 2.0672 0.3095
v 5.8906 2.4085 0.6246
v 5.6552 2.5976 0.4749
v 6.0577 2.1901 -0.7654
v 6.1845 1.9637 -0.8967
v 5.7996 2.6639 -0.4871
v 6.0082 2.4566 -0.6371
v 6.5435 2.0789 -0.3112
v 6.3797 2.3038 -0.4803
v 6.3664 2.2976 -0.1627
v 5.8068 2.6699 0.1627
v 6.1136 2.4932 0.0000
v 5.8487 2.6892 -0.1639
v 7.4057 0.5144 0.0000
v 7.4615 1.0627 -0.3262
v 7.4558 0.7867 -0.1620
v 7.3632 0.7769 0.1600
v 7.2982 1.0395 0.3191
v 6.6086 1.7778 -0.7758
v 6.8258 1.8427 -0.1639
v 6.8657 1.8513 -0.4810
v 7.0384 1.5782 -0.6447
v 7.2773 1.3322 -0.4922
v 6.7476 1.8151 0.7921
v 7.2220 1.3220 0.4885
v 7.0387 1.5782 0.6447
v 6.8014 1.8340 0.4765
v 6.8533 1.8501 0.1646
v 7.2117 1.3183 -0.1630
v 7.0591 1.5909 0.0000
v 7.1636 1.3095 0.1619
f 1 643 645
f 163 644 643
f 165 645 644
f 643 644 645
f 43 646 648
f 164 647 646
f 163 648 647
f 646 647 648
f 45 649 651
f 165 650 649
f 164 651 650
f 649 650 651
f 163 647 644
f 164 650 647
f 165 644 650
f 647 650 644
f 13 652 654
f 166 653 652
f 168 654 653
f 652 653 654
f 44 655 657
f 167 656 655
f 166 657 656
f 655 656 657
f 43 658 660
f 168 659 658
f 167 660 659
f 658 659 660
f 166 656 653
f 167 659 656
f 168 653 659
f 656 659 653
f 15 661 663
f 169 662 661
f 171 663 662
f 661 662 663
f 45 664 666
f 170 665 664
f 169 666 665
f 664 665 666
f 44 667 669
f 171 668 667
f 170 669 668
f 667 668 669
f 169 665 662
f 170 668 665
f 171 662 668
f 665 668 662
f 43 660 646
f 167 670 660
f 164 646 670
f 660 670 646
f 44 669 655
f 170 671 669
f 167 655 671
f 669 671 655
f 45 651 664
f 164 672 651
f 170 664 672
f 651 672 664
f 167 671 670
f 170 672 671
f 164 670 672
f 671 672 670
f 12 673 675
f 172 674 673
f 174 675 674
f 673 674 675
f 46 676 678
f 173 677 676
f 172 678 677
f 676 677 678
f 48 679 681
f 174 680 679
f 173 681 680
f 679 680 681
f 172 677 674
f 173 680 677
f 174 674 680
f 677 680 674
f 14 682 684
f 175 683 682
f 177 684 683
f 682 683 684
f 47 685 687
f 176 686 685
f 175 687 686
f 685 686 687
f 46 688 690
f 177 689 688
f 176 690 689
f 688 689 690
f 175 686 683
f 176 689 686
f 177 683 689
f 686 689 683
f 13 691 693
f 178 692 691
f 180 693 692
f 691 692 693
f 48 694 696
f 179 695 694
f 178 696 695
f 694 695 696
f 47 697 699
f 180 698 697
f 179 699 698
f 697 698 699
f 178 695 692
f 179 698 695
f 180 692 698
f 695 698 692
f 46 690 676
f 176 700 690
f 173 676 700
f 690 700 676
f 47 699 685
f 179 701 699
f 176 685 701
f 699 701 685
f 48 681 694
f 173 702 681
f 179 694 702
f 681 702 694
f 176 701 700
f 179 702 701
f 173 700 702
f 701 702 700
f 6 703 705
f 181 704 703
f 183 705 704
f 703 704 705
f 49 706 708
f 182 707 706
f 181 708 707
f 706 707 708
f 51 709 711
f 183 710 709
f 182 711 710
f 709 710 711
f 181 707 704
f 182 710 707
f 183 704 710
f 707 710 704
f 15 712 714
f 184 713 712
f 186 714 713
f 712 713 714
f 50 715 717
f 185 716 715
f 184 717 716
f 715 716 717
f 49 718 720
f 186 719 718
f 185 720 719
f 718 719 720
f 184 716 713
f 185 719 716
f 186 713 719
f 716 719 713
f 14 721 723
f 187 722 721
f 189 723 722
f 721 722 723
f 51 724 726
f 188 725 724
f 187 726 725
f 724 725 726
f 50 727 729
f 189 728 727
f 188 729 728
f 727 728 729
f 187 725 722
f 188 728 725
f 189 722 728
f 725 728 722
f 49 720 706
f 185 730 720
f 182 706 730
f 720 730 706
f 50 729 715
f 188 731 729
f 185 715 731
f 729 731 715
f 51 711 724
f 182 732 711
f 188 724 732
f 711 732 724
f 185 731 730
f 188 732 731
f 182 730 732
f 731 732 730
f 13 693 652
f 180 733 693
f 166 652 733
f 693 733 652
f 47 734 697
f 190 735 734
f 180 697 735
f 734 735 697
f 44 657 737
f 166 736 657
f 190 737 736
f 657 736 737
f 180 735 733
f 190 736 735
f 166 733 736
f 735 736 733
f 14 723 682
f 189 738 723
f 175 682 738
f 723 738 682
f 50 739 727
f 191 740 739
f 189 727 740
f 739 740 727
f 47 687 742
f 175 741 687
f 191 742 741
f 687 741 742
f 189 740 738
f 191 741 740
f 175 738 741
f 740 741 738
f 15 663 712
f 171 743 663
f 184 712 743
f 663 743 712
f 44 744 667
f 192 745 744
f 171 667 745
f 744 745 667
f 50 717 747
f 184 746 717
f 192 747 746
f 717 746 747
f 171 745 743
f 192 746 745
f 184 743 746
f 745 746 743
f 47 742 734
f 191 748 742
f 190 734 748
f 742 748 734
f 50 747 739
f 192 749 747
f 191 739 749
f 747 749 739
f 44 737 744
f 190 750 737
f 192 744 750
f 737 750 744
f 191 749 748
f 192 750 749
f 190 748 750
f 749 750 748
f 1 645 752
f 165 751 645
f 194 752 751
f 645 751 752
f 45 753 649
f 193 754 753
f 165 649 754
f 753 754 649
f 53 755 757
f 194 756 755
f 193 757 756
f 755 756 757
f 165 754 751
f 193 756 754
f 194 751 756
f 754 756 751
f 15 758 661
f 195 759 758
f 169 661 759
f 758 759 661
f 52 760 762
f 196 761 760
f 195 762 761
f 760 761 762
f 45 666 764
f 169 763 666
f 196 764 763
f 666 763 764
f 195 761 759
f 196 763 761
f 169 759 763
f 761 763 759
f 17 765 767
f 197 766 765
f 199 767 766
f 765 766 767
f 53 768 770
f 198 769 768
f 197 770 769
f 768 769 770
f 52 771 773
f 199 772 771
f 198 773 772
f 771 772 773
f 197 769 766
f 198 772 769
f 199 766 772
f 769 772 766
f 45 764 753
f 196 774 764
f 193 753 774
f 764 774 753
f 52 773 760
f 198 775 773
f 196 760 775
f 773 775 760
f 53 757 768
f 193 776 757
f 198 768 776
f 757 776 768
f 196 775 774
f 198 776 775
f 193 774 776
f 775 776 774
f 6 777 703
f 200 778 777
f 181 703 778
f 777 778 703
f 54 779 781
f 201 780 779
f 200 781 780
f 779 780 781
f 49 708 783
f 181 782 708
f 201 783 782
f 708 782 783
f 200 780 778
f 201 782 780
f 181 778 782
f 780 782 778
f 16 784 786
f 202 785 784
f 204 786 785
f 784 785 786
f 55 787 789
f 203 788 787
f 202 789 788
f 787 788 789
f 54 790 792
f 204 791 790
f 203 792 791
f 790 791 792
f 202 788 785
f 203 791 788
f 204 785 791
f 788 791 785
f 15 714 794
f 186 793 714
f 206 794 793
f 714 793 794
f 49 795 718
f 205 796 795
f 186 718 796
f 795 796 718
f 55 797 799
f 206 798 797
f 205 799 798
f 797 798 799
f 186 796 793
f 205 798 796
f 206 793 798
f 796 798 793
f 54 792 779
f 203 800 792
f 201 779 800
f 792 800 779
f 55 799 787
f 205 801 799
f 203 787 801
f 799 801 787
f 49 783 795
f 201 802 783
f 205 795 802
f 783 802 795
f 203 801 800
f 205 802 801
f 201 800 802
f 801 802 800
f 2 803 805
f 207 804 803
f 209 805 804
f 803 804 805
f 56 806 808
f 208 807 806
f 207 808 807
f 806 807 808
f 58 809 811
f 209 810 809
f 208 811 810
f 809 810 811
f 207 807 804
f 208 810 807
f 209 804 810
f 807 810 804
f 17 812 814
f 210 813 812
f 212 814 813
f 812 813 814
f 57 815 817
f 211 816 815
f 210 817 816
f 815 816 817
f 56 818 820
f 212 819 818
f 211 820 819
f 818 819 820
f 210 816 813
f 211 819 816
f 212 813 819
f 816 819 813
f 16 821 823
f 213 822 821
f 215 823 822
f 821 822 823
f 58 824 826
f 214 825 824
f 213 826 825
f 824 825 826
f 57 827 829
f 215 828 827
f 214 829 828
f 827 828 829
f 213 825 822
f 214 828 825
f 215 822 828
f 825 828 822
f 56 820 806
f 211 830 820
f 208 806 830
f 820 830 806
f 57 829 815
f 214 831 829
f 211 815 831
f 829 831 815
f 58 811 824
f 208 832 811
f 214 824 832
f 811 832 824
f 211 831 830
f 214 832 831
f 208 830 832
f 831 832 830
f 15 794 758
f 206 833 794
f 195 758 833
f 794 833 758
f 55 834 797
f 216 835 834
f 206 797 835
f 834 835 797
f 52 762 837
f 195 836 762
f 216 837 836
f 762 836 837
f 206 835 833
f 216 836 835
f 195 833 836
f 835 836 833
f 16 823 784
f 215 838 823
f 202 784 838
f 823 838 784
f 57 839 827
f 217 840 839
f 215 827 840
f 839 840 827
f 55 789 842
f 202 841 789
f 217 842 841
f 789 841 842
f 215 840 838
f 217 841 840
f 202 838 841
f 840 841 838
f 17 767 812
f 199 843 767
f 210 812 843
f 767 843 812
f 52 844 771
f 218 845 844
f 199 771 845
f 844 845 771
f 57 817 847
f 210 846 817
f 218 847 846
f 817 846 847
f 199 845 843
f 218 846 845
f 210 843 846
f 845 846 843
f 55 842 834
f 217 848 842
f 216 834 848
f 842 848 834
f 57 847 839
f 218 849 847
f 217 839 849
f 847 849 839
f 52 837 844
f 216 850 837
f 218 844 850
f 837 850 844
f 217 849 848
f 218 850 849
f 216 848 850
f 849 850 848
f 1 752 852
f 194 851 752
f 220 852 851
f 752 851 852
f 53 853 755
f 219 854 853
f 194 755 854
f 853 854 755
f 60 855 857
f 220 856 855
f 219 857 856
f 855 856 857
f 194 854 851
f 219 856 854
f 220 851 856
f 854 856 851
f 17 858 765
f 221 859 858
f 197 765 859
f 858 859 765
f 59 860 862
f 222 861 860
f 221 862 861
f 860 861 862
f 53 770 864
f 197 863 770
f 222 864 863
f 770 863 864
f 221 861 859
f 222 863 861
f 197 859 863
f 861 863 859
f 19 865 867
f 223 866 865
f 225 867 866
f 865 866 867
f 60 868 870
f 224 869 868
f 223 870 869
f 868 869 870
f 59 871 873
f 225 872 871
f 224 873 872
f 871 872 873
f 223 869 866
f 224 872 869
f 225 866 872
f 869 872 866
f 53 864 853
f 222 874 864
f 219 853 874
f 864 874 853
f 59 873 860
f 224 875 873
f 222 860 875
f 873 875 860
f 60 857 868
f 219 876 857
f 224 868 876
f 857 876 868
f 222 875 874
f 224 876 875
f 219 874 876
f 875 876 874
f 2 877 803
f 226 878 877
f 207 803 878
f 877 878 803
f 61 879 881
f 227 880 879
f 226 881 880
f 879 880 881
f 56 808 883
f 207 882 808
f 227 883 882
f 808 882 883
f 226 880 878
f 227 882 880
f 207 878 882
f 880 882 878
f 18 884 886
f 228 885 884
f 230 886 885
f 884 885 886
f 62 887 889
f 229 888 887
f 228 889 888
f 887 888 889
f 61 890 892
f 230 891 890
f 229 892 891
f 890 891 892
f 228 888 885
f 229 891 888
f 230 885 891
f 888 891 885
f 17 814 894
f 212 893 814
f 232 894 893
f 814 893 894
f 56 895 818
f 231 896 895
f 212 818 896
f 895 896 818
f 62 897 899
f 232 898 897
f 231 899 898
f 897 898 899
f 212 896 893
f 231 898 896
f 232 893 898
f 896 898 893
f 61 892 879
f 229 900 892
f 227 879 900
f 892 900 879
f 62 899 887
f 231 901 899
f 229 887 901
f 899 901 887
f 56 883 895
f 227 902 883
f 231 895 902
f 883 902 895
f 229 901 900
f 231 902 901
f 227 900 902
f 901 902 900
f 8 903 905
f 233 904 903
f 235 905 904
f 903 904 905
f 63 906 908
f 234 907 906
f 233 908 907
f 906 907 908
f 65 909 911
f 235 910 909
f 234 911 910
f 909 910 911
f 233 907 904
f 234 910 907
f 235 904 910
f 907 910 904
f 19 912 914
f 236 913 912
f 238 914 913
f 912 913 914
f 64 915 917
f 237 916 915
f 236 917 916
f 915 916 917
f 63 918 920
f 238 919 918
f 237 920 919
f 918 919 920
f 236 916 913
f 237 919 916
f 238 913 919
f 916 919 913
f 18 921 923
f 239 922 921
f 241 923 922
f 921 922 923
f 65 924 926
f 240 925 924
f 239 926 925
f 924 925 926
f 64 927 929
f 241 928 927
f 240 929 928
f 927 928 929
f 239 925 922
f 240 928 925
f 241 922 928
f 925 928 922
f 63 920 906
f 237 930 920
f 234 906 930
f 920 930 906
f 64 929 915
f 240 931 929
f 237 915 931
f 929 931 915
f 65 911 924
f 234 932 911
f 240 924 932
f 911 932 924
f 237 931 930
f 240 932 931
f 234 930 932
f 931 932 930
f 17 894 858
f 232 933 894
f 221 858 933
f 894 933 858
f 62 934 897
f 242 935 934
f 232 897 935
f 934 935 897
f 59 862 937
f 221 936 862
f 242 937 936
f 862 936 937
f 232 935 933
f 242 936 935
f 221 933 936
f 935 936 933
f 18 923 884
f 241 938 923
f 228 884 938
f 923 938 884
f 64 939 927
f 243 940 939
f 241 927 940
f 939 940 927
f 62 889 942
f 228 941 889
f 243 942 941
f 889 941 942
f 241 940 938
f 243 941 940
f 228 938 941
f 940 941 938
f 19 867 912
f 225 943 867
f 236 912 943
f 867 943 912
f 59 944 871
f 244 945 944
f 225 871 945
f 944 945 871
f 64 917 947
f 236 946 917
f 244 947 946
f 917 946 947
f 225 945 943
f 244 946 945
f 236 943 946
f 945 946 943
f 62 942 934
f 243 948 942
f 242 934 948
f 942 948 934
f 64 947 939
f 244 949 947
f 243 939 949
f 947 949 939
f 59 937 944
f 242 950 937
f 244 944 950
f 937 950 944
f 243 949 948
f 244 950 949
f 242 948 950
f 949 950 948
f 1 852 952
f 220 951 852
f 246 952 951
f 852 951 952
f 60 953 855
f 245 954 953
f 220 855 954
f 953 954 855
f 67 955 957
f 246 956 955
f 245 957 956
f 955 956 957
f 220 954 951
f 245 956 954
f 246 951 956
f 954 956 951
f 19 958 865
f 247 959 958
f 223 865 959
f 958 959 865
f 66 960 962
f 248 961 960
f 247 962 961
f 960 961 962
f 60 870 964
f 223 963 870
f 248 964 963
f 870 963 964
f 247 961 959
f 248 963 961
f 223 959 963
f 961 963 959
f 21 965 967
f 249 966 965
f 251 967 966
f 965 966 967
f 67 968 970
f 250 969 968
f 249 970 969
f 968 969 970
f 66 971 973
f 251 972 971
f 250 973 972
f 971 972 973
f 249 969 966
f 250 972 969
f 251 966 972
f 969 972 966
f 60 964 953
f 248 974 964
f 245 953 974
f 964 974 953
f 66 973 960
f 250 975 973
f 248 960 975
f 973 975 960
f 67 957 968
f 245 976 957
f 250 968 976
f 957 976 968
f 248 975 974
f 250 976 975
f 245 974 976
f 975 976 974
f 8 977 903
f 252 978 977
f 233 903 978
f 977 978 903
f 68 979 981
f 253 980 979
f 252 981 980
f 979 980 981
f 63 908 983
f 233 982 908
f 253 983 982
f 908 982 983
f 252 980 978
f 253 982 980
f 233 978 982
f 980 982 978
f 20 984 986
f 254 985 984
f 256 986 985
f 984 985 986
f 69 987 989
f 255 988 987
f 254 989 988
f 987 988 989
f 68 990 992
f 256 991 990
f 255 992 991
f 990 991 992
f 254 988 985
f 255 991 988
f 256 985 991
f 988 991 985
f 19 914 994
f 238 993 914
f 258 994 993
f 914 993 994
f 63 995 918
f 257 996 995
f 238 918 996
f 995 996 918
f 69 997 999
f 258 998 997
f 257 999 998
f 997 998 999
f 238 996 993
f 257 998 996
f 258 993 998
f 996 998 993
f 68 992 979
f 255 1000 992
f 253 979 1000
f 992 1000 979
f 69 999 987
f 257 1001 999
f 255 987 1001
f 999 1001 987
f 63 983 995
f 253 1002 983
f 257 995 1002
f 983 1002 995
f 255 1001 1000
f 257 1002 1001
f 253 1000 1002
f 1001 1002 1000
f 11 1003 1005
f 259 1004 1003
f 261 1005 1004
f 1003 1004 1005
f 70 1006 1008
f 260 1007 1006
f 259 1008 1007
f 1006 1007 1008
f 72 1009 1011
f 261 1010 1009
f 260 1011 1010
f 1009 1010 1011
f 259 1007 1004
f 260 1010 1007
f 261 1004 1010
f 1007 1010 1004
f 21 1012 1014
f 262 1013 1012
f 264 1014 1013
f 1012 1013 1014
f 71 1015 1017
f 263 1016 1015
f 262 1017 1016
f 1015 1016 1017
f 70 1018 1020
f 264 1019 1018
f 263 1020 1019
f 1018 1019 1020
f 262 1016 1013
f 263 1019 1016
f 264 1013 1019
f 1016 1019 1013
f 20 1021 1023
f 265 1022 1021
f 267 1023 1022
f 1021 1022 1023
f 72 1024 1026
f 266 1025 1024
f 265 1026 1025
f 1024 1025 1026
f 71 1027 1029
f 267 1028 1027
f 266 1029 1028
f 1027 1028 1029
f 265 1025 1022
f 266 1028 1025
f 267 1022 1028
f 1025 1028 1022
f 70 1020 1006
f 263 1030 1020
f 260 1006 1030
f 1020 1030 1006
f 71 1029 1015
f 266 1031 1029
f 263 1015 1031
f 1029 1031 1015
f 72 1011 1024
f 260 1032 1011
f 266 1024 1032
f 1011 1032 1024
f 263 1031 1030
f 266 1032 1031
f 260 1030 1032
f 1031 1032 1030
f 19 994 958
f 258 1033 994
f 247 958 1033
f 994 1033 958
f 69 1034 997
f 268 1035 1034
f 258 997 1035
f 1034 1035 997
f 66 962 1037
f 247 1036 962
f 268 1037 1036
f 962 1036 1037
f 258 1035 1033
f 268 1036 1035
f 247 1033 1036
f 1035 1036 1033
f 20 1023 984
f 267 1038 1023
f 254 984 1038
f 1023 1038 984
f 71 1039 1027
f 269 1040 1039
f 267 1027 1040
f 1039 1040 1027
f 69 989 1042
f 254 1041 989
f 269 1042 1041
f 989 1041 1042
f 267 1040 1038
f 269 1041 1040
f 254 1038 1041
f 1040 1041 1038
f 21 967 1012
f 251 1043 967
f 262 1012 1043
f 967 1043 1012
f 66 1044 971
f 270 1045 1044
f 251 971 1045
f 1044 1045 971
f 71 1017 1047
f 262 1046 1017
f 270 1047 1046
f 1017 1046 1047
f 251 1045 1043
f 270 1046 1045
f 262 1043 1046
f 1045 1046 1043
f 69 1042 1034
f 269 1048 1042
f 268 1034 1048
f 1042 1048 1034
f 71 1047 1039
f 270 1049 1047
f 269 1039 1049
f 1047 1049 1039
f 66 1037 1044
f 268 1050 1037
f 270 1044 1050
f 1037 1050 1044
f 269 1049 1048
f 270 1050 1049
f 268 1048 1050
f 1049 1050 1048
f 1 952 643
f 246 1051 952
f 163 643 1051
f 952 1051 643
f 67 1052 955
f 271 1053 1052
f 246 955 1053
f 1052 1053 955
f 43 648 1055
f 163 1054 648
f 271 1055 1054
f 648 1054 1055
f 246 1053 1051
f 271 1054 1053
f 163 1051 1054
f 1053 1054 1051
f 21 1056 965
f 272 1057 1056
f 249 965 1057
f 1056 1057 965
f 73 1058 1060
f 273 1059 1058
f 272 1060 1059
f 1058 1059 1060
f 67 970 1062
f 249 1061 970
f 273 1062 1061
f 970 1061 1062
f 272 1059 1057
f 273 1061 1059
f 249 1057 1061
f 1059 1061 1057
f 13 654 1064
f 168 1063 654
f 275 1064 1063
f 654 1063 1064
f 43 1065 658
f 274 1066 1065
f 168 658 1066
f 1065 1066 658
f 73 1067 1069
f 275 1068 1067
f 274 1069 1068
f 1067 1068 1069
f 168 1066 1063
f 274 1068 1066
f 275 1063 1068
f 1066 1068 1063
f 67 1062 1052
f 273 1070 1062
f 271 1052 1070
f 1062 1070 1052
f 73 1069 1058
f 274 1071 1069
f 273 1058 1071
f 1069 1071 1058
f 43 1055 1065
f 271 1072 1055
f 274 1065 1072
f 1055 1072 1065
f 273 1071 1070
f 274 1072 1071
f 271 1070 1072
f 1071 1072 1070
f 11 1073 1003
f 276 1074 1073
f 259 1003 1074
f 1073 1074 1003
f 74 1075 1077
f 277 1076 1075
f 276 1077 1076
f 1075 1076 1077
f 70 1008 1079
f 259 1078 1008
f 277 1079 1078
f 1008 1078 1079
f 276 1076 1074
f 277 1078 1076
f 259 1074 1078
f 1076 1078 1074
f 22 1080 1082
f 278 1081 1080
f 280 1082 1081
f 1080 1081 1082
f 75 1083 1085
f 279 1084 1083
f 278 1085 1084
f 1083 1084 1085
f 74 1086 1088
f 280 1087 1086
f 279 1088 1087
f 1086 1087 1088
f 278 1084 1081
f 279 1087 1084
f 280 1081 1087
f 1084 1087 1081
f 21 1014 1090
f 264 1089 1014
f 282 1090 1089
f 1014 1089 1090
f 70 1091 1018
f 281 1092 1091
f 264 1018 1092
f 1091 1092 1018
f 75 1093 1095
f 282 1094 1093
f 281 1095 1094
f 1093 1094 1095
f 264 1092 1089
f 281 1094 1092
f 282 1089 1094
f 1092 1094 1089
f 74 1088 1075
f 279 1096 1088
f 277 1075 1096
f 1088 1096 1075
f 75 1095 1083
f 281 1097 1095
f 279 1083 1097
f 1095 1097 1083
f 70 1079 1091
f 277 1098 1079
f 281 1091 1098
f 1079 1098 1091
f 279 1097 1096
f 281 1098 1097
f 277 1096 1098
f 1097 1098 1096
f 12 675 1100
f 174 1099 675
f 284 1100 1099
f 675 1099 1100
f 48 1101 679
f 283 1102 1101
f 174 679 1102
f 1101 1102 679
f 77 1103 1105
f 284 1104 1103
f 283 1105 1104
f 1103 1104 1105
f 174 1102 1099
f 283 1104 1102
f 284 1099 1104
f 1102 1104 1099
f 13 1106 691
f 285 1107 1106
f 178 691 1107
f 1106 1107 691
f 76 1108 1110
f 286 1109 1108
f 285 1110 1109
f 1108 1109 1110
f 48 696 1112
f 178 1111 696
f 286 1112 1111
f 696 1111 1112
f 285 1109 1107
f 286 1111 1109
f 178 1107 1111
f 1109 1111 1107
f 22 1113 1115
f 287 1114 1113
f 289 1115 1114
f 1113 1114 1115
f 77 1116 1118
f 288 1117 1116
f 287 1118 1117
f 1116 1117 1118
f 76 1119 1121
f 289 1120 1119
f 288 1121 1120
f 1119 1120 1121
f 287 1117 1114
f 288 1120 1117
f 289 1114 1120
f 1117 1120 1114
f 48 1112 1101
f 286 1122 1112
f 283 1101 1122
f 1112 1122 1101
f 76 1121 1108
f 288 1123 1121
f 286 1108 1123
f 1121 1123 1108
f 77 1105 1116
f 283 1124 1105
f 288 1116 1124
f 1105 1124 1116
f 286 1123 1122
f 288 1124 1123
f 283 1122 1124
f 1123 1124 1122
f 21 1090 1056
f 282 1125 1090
f 272 1056 1125
f 1090 1125 1056
f 75 1126 1093
f 290 1127 1126
f 282 1093 1127
f 1126 1127 1093
f 73 1060 1129
f 272 1128 1060
f 290 1129 1128
f 1060 1128 1129
f 282 1127 1125
f 290 1128 1127
f 272 1125 1128
f 1127 1128 1125
f 22 1115 1080
f 289 1130 1115
f 278 1080 1130
f 1115 1130 1080
f 76 1131 1119
f 291 1132 1131
f 289 1119 1132
f 1131 1132 1119
f 75 1085 1134
f 278 1133 1085
f 291 1134 1133
f 1085 1133 1134
f 289 1132 1130
f 291 1133 1132
f 278 1130 1133
f 1132 1133 1130
f 13 1064 1106
f 275 1135 1064
f 285 1106 1135
f 1064 1135 1106
f 73 1136 1067
f 292 1137 1136
f 275 1067 1137
f 1136 1137 1067
f 76 1110 1139
f 285 1138 1110
f 292 1139 1138
f 1110 1138 1139
f 275 1137 1135
f 292 1138 1137
f 285 1135 1138
f 1137 1138 1135
f 75 1134 1126
f 291 1140 1134
f 290 1126 1140
f 1134 1140 1126
f 76 1139 1131
f 292 1141 1139
f 291 1131 1141
f 1139 1141 1131
f 73 1129 1136
f 290 1142 1129
f 292 1136 1142
f 1129 1142 1136
f 291 1141 1140
f 292 1142 1141
f 290 1140 1142
f 1141 1142 1140
f 2 805 1144
f 209 1143 805
f 294 1144 1143
f 805 1143 1144
f 58 1145 809
f 293 1146 1145
f 209 809 1146
f 1145 1146 809
f 79 1147 1149
f 294 1148 1147
f 293 1149 1148
f 1147 1148 1149
f 209 1146 1143
f 293 1148 1146
f 294 1143 1148
f 1146 1148 1143
f 16 1150 821
f 295 1151 1150
f 213 821 1151
f 1150 1151 821
f 78 1152 1154
f 296 1153 1152
f 295 1154 1153
f 1152 1153 1154
f 58 826 1156
f 213 1155 826
f 296 1156 1155
f 826 1155 1156
f 295 1153 1151
f 296 1155 1153
f 213 1151 1155
f 1153 1155 1151
f 24 1157 1159
f 297 1158 1157
f 299 1159 1158
f 1157 1158 1159
f 79 1160 1162
f 298 1161 1160
f 297 1162 1161
f 1160 1161 1162
f 78 1163 1165
f 299 1164 1163
f 298 1165 1164
f 1163 1164 1165
f 297 1161 1158
f 298 1164 1161
f 299 1158 1164
f 1161 1164 1158
f 58 1156 1145
f 296 1166 1156
f 293 1145 1166
f 1156 1166 1145
f 78 1165 1152
f 298 1167 1165
f 296 1152 1167
f 1165 1167 1152
f 79 1149 1160
f 293 1168 1149
f 298 1160 1168
f 1149 1168 1160
f 296 1167 1166
f 298 1168 1167
f 293 1166 1168
f 1167 1168 1166
f 6 1169 777
f 300 1170 1169
f 200 777 1170
f 1169 1170 777
f 80 1171 1173
f 301 1172 1171
f 300 1173 1172
f 1171 1172 1173
f 54 781 1175
f 200 1174 781
f 301 1175 1174
f 781 1174 1175
f 300 1172 1170
f 301 1174 1172
f 200 1170 1174
f 1172 1174 1170
f 23 1176 1178
f 302 1177 1176
f 304 1178 1177
f 1176 1177 1178
f 81 1179 1181
f 303 1180 1179
f 302 1181 1180
f 1179 1180 1181
f 80 1182 1184
f 304 1183 1182
f 303 1184 1183
f 1182 1183 1184
f 302 1180 1177
f 303 1183 1180
f 304 1177 1183
f 1180 1183 1177
f 16 786 1186
f 204 1185 786
f 306 1186 1185
f 786 1185 1186
f 54 1187 790
f 305 1188 1187
f 204 790 1188
f 1187 1188 790
f 81 1189 1191
f 306 1190 1189
f 305 1191 1190
f 1189 1190 1191
f 204 1188 1185
f 305 1190 1188
f 306 1185 1190
f 1188 1190 1185
f 80 1184 1171
f 303 1192 1184
f 301 1171 1192
f 1184 1192 1171
f 81 1191 1179
f 305 1193 1191
f 303 1179 1193
f 1191 1193 1179
f 54 1175 1187
f 301 1194 1175
f 305 1187 1194
f 1175 1194 1187
f 303 1193 1192
f 305 1194 1193
f 301 1192 1194
f 1193 1194 1192
f 10 1195 1197
f 307 1196 1195
f 309 1197 1196
f 1195 1196 1197
f 82 1198 1200
f 308 1199 1198
f 307 1200 1199
f 1198 1199 1200
f 84 1201 1203
f 309 1202 1201
f 308 1203 1202
f 1201 1202 1203
f 307 1199 1196
f 308 1202 1199
f 309 1196 1202
f 1199 1202 1196
f 24 1204 1206
f 310 1205 1204
f 312 1206 1205
f 1204 1205 1206
f 83 1207 1209
f 311 1208 1207
f 310 1209 1208
f 1207 1208 1209
f 82 1210 1212
f 312 1211 1210
f 311 1212 1211
f 1210 1211 1212
f 310 1208 1205
f 311 1211 1208
f 312 1205 1211
f 1208 1211 1205
f 23 1213 1215
f 313 1214 1213
f 315 1215 1214
f 1213 1214 1215
f 84 1216 1218
f 314 1217 1216
f 313 1218 1217
f 1216 1217 1218
f 83 1219 1221
f 315 1220 1219
f 314 1221 1220
f 1219 1220 1221
f 313 1217 1214
f 314 1220 1217
f 315 1214 1220
f 1217 1220 1214
f 82 1212 1198
f 311 1222 1212
f 308 1198 1222
f 1212 1222 1198
f 83 1221 1207
f 314 1223 1221
f 311 1207 1223
f 1221 1223 1207
f 84 1203 1216
f 308 1224 1203
f 314 1216 1224
f 1203 1224 1216
f 311 1223 1222
f 314 1224 1223
f 308 1222 1224
f 1223 1224 1222
f 16 1186 1150
f 306 1225 1186
f 295 1150 1225
f 1186 1225 1150
f 81 1226 1189
f 316 1227 1226
f 306 1189 1227
f 1226 1227 1189
f 78 1154 1229
f 295 1228 1154
f 316 1229 1228
f 1154 1228 1229
f 306 1227 1225
f 316 1228 1227
f 295 1225 1228
f 1227 1228 1225
f 23 1215 1176
f 315 1230 1215
f 302 1176 1230
f 1215 1230 1176
f 83 1231 1219
f 317 1232 1231
f 315 1219 1232
f 1231 1232 1219
f 81 1181 1234
f 302 1233 1181
f 317 1234 1233
f 1181 1233 1234
f 315 1232 1230
f 317 1233 1232
f 302 1230 1233
f 1232 1233 1230
f 24 1159 1204
f 299 1235 1159
f 310 1204 1235
f 1159 1235 1204
f 78 1236 1163
f 318 1237 1236
f 299 1163 1237
f 1236 1237 1163
f 83 1209 1239
f 310 1238 1209
f 318 1239 1238
f 1209 1238 1239
f 299 1237 1235
f 318 1238 1237
f 310 1235 1238
f 1237 1238 1235
f 81 1234 1226
f 317 1240 1234
f 316 1226 1240
f 1234 1240 1226
f 83 1239 1231
f 318 1241 1239
f 317 1231 1241
f 1239 1241 1231
f 78 1229 1236
f 316 1242 1229
f 318 1236 1242
f 1229 1242 1236
f 317 1241 1240
f 318 1242 1241
f 316 1240 1242
f 1241 1242 1240
f 6 705 1244
f 183 1243 705
f 320 1244 1243
f 705 1243 1244
f 51 1245 709
f 319 1246 1245
f 183 709 1246
f 1245 1246 709
f 86 1247 1249
f 320 1248 1247
f 319 1249 1248
f 1247 1248 1249
f 183 1246 1243
f 319 1248 1246
f 320 1243 1248
f 1246 1248 1243
f 14 1250 721
f 321 1251 1250
f 187 721 1251
f 1250 1251 721
f 85 1252 1254
f 322 1253 1252
f 321 1254 1253
f 1252 1253 1254
f 51 726 1256
f 187 1255 726
f 322 1256 1255
f 726 1255 1256
f 321 1253 1251
f 322 1255 1253
f 187 1251 1255
f 1253 1255 1251
f 26 1257 1259
f 323 1258 1257
f 325 1259 1258
f 1257 1258 1259
f 86 1260 1262
f 324 1261 1260
f 323 1262 1261
f 1260 1261 1262
f 85 1263 1265
f 325 1264 1263
f 324 1265 1264
f 1263 1264 1265
f 323 1261 1258
f 324 1264 1261
f 325 1258 1264
f 1261 1264 1258
f 51 1256 1245
f 322 1266 1256
f 319 1245 1266
f 1256 1266 1245
f 85 1265 1252
f 324 1267 1265
f 322 1252 1267
f 1265 1267 1252
f 86 1249 1260
f 319 1268 1249
f 324 1260 1268
f 1249 1268 1260
f 322 1267 1266
f 324 1268 1267
f 319 1266 1268
f 1267 1268 1266
f 12 1269 673
f 326 1270 1269
f 172 673 1270
f 1269 1270 673
f 87 1271 1273
f 327 1272 1271
f 326 1273 1272
f 1271 1272 1273
f 46 678 1275
f 172 1274 678
f 327 1275 1274
f 678 1274 1275
f 326 1272 1270
f 327 1274 1272
f 172 1270 1274
f 1272 1274 1270
f 25 1276 1278
f 328 1277 1276
f 330 1278 1277
f 1276 1277 1278
f 88 1279 1281
f 329 1280 1279
f 328 1281 1280
f 1279 1280 1281
f 87 1282 1284
f 330 1283 1282
f 329 1284 1283
f 1282 1283 1284
f 328 1280 1277
f 329 1283 1280
f 330 1277 1283
f 1280 1283 1277
f 14 684 1286
f 177 1285 684
f 332 1286 1285
f 684 1285 1286
f 46 1287 688
f 331 1288 1287
f 177 688 1288
f 1287 1288 688
f 88 1289 1291
f 332 1290 1289
f 331 1291 1290
f 1289 1290 1291
f 177 1288 1285
f 331 1290 1288
f 332 1285 1290
f 1288 1290 1285
f 87 1284 1271
f 329 1292 1284
f 327 1271 1292
f 1284 1292 1271
f 88 1291 1279
f 331 1293 1291
f 329 1279 1293
f 1291 1293 1279
f 46 1275 1287
f 327 1294 1275
f 331 1287 1294
f 1275 1294 1287
f 329 1293 1292
f 331 1294 1293
f 327 1292 1294
f 1293 1294 1292
f 5 1295 1297
f 333 1296 1295
f 335 1297 1296
f 1295 1296 1297
f 89 1298 1300
f 334 1299 1298
f 333 1300 1299
f 1298 1299 1300
f 91 1301 1303
f 335 1302 1301
f 334 1303 1302
f 1301 1302 1303
f 333 1299 1296
f 334 1302 1299
f 335 1296 1302
f 1299 1302 1296
f 26 1304 1306
f 336 1305 1304
f 338 1306 1305
f 1304 1305 1306
f 90 1307 1309
f 337 1308 1307
f 336 1309 1308
f 1307 1308 1309
f 89 1310 1312
f 338 1311 1310
f 337 1312 1311
f 1310 1311 1312
f 336 1308 1305
f 337 1311 1308
f 338 1305 1311
f 1308 1311 1305
f 25 1313 1315
f 339 1314 1313
f 341 1315 1314
f 1313 1314 1315
f 91 1316 1318
f 340 1317 1316
f 339 1318 1317
f 1316 1317 1318
f 90 1319 1321
f 341 1320 1319
f 340 1321 1320
f 1319 1320 1321
f 339 1317 1314
f 340 1320 1317
f 341 1314 1320
f 1317 1320 1314
f 89 1312 1298
f 337 1322 1312
f 334 1298 1322
f 1312 1322 1298
f 90 1321 1307
f 340 1323 1321
f 337 1307 1323
f 1321 1323 1307
f 91 1303 1316
f 334 1324 1303
f 340 1316 1324
f 1303 1324 1316
f 337 1323 1322
f 340 1324 1323
f 334 1322 1324
f 1323 1324 1322
f 14 1286 1250
f 332 1325 1286
f 321 1250 1325
f 1286 1325 1250
f 88 1326 1289
f 342 1327 1326
f 332 1289 1327
f 1326 1327 1289
f 85 1254 1329
f 321 1328 1254
f 342 1329 1328
f 1254 1328 1329
f 332 1327 1325
f 342 1328 1327
f 321 1325 1328
f 1327 1328 1325
f 25 1315 1276
f 341 1330 1315
f 328 1276 1330
f 1315 1330 1276
f 90 1331 1319
f 343 1332 1331
f 341 1319 1332
f 1331 1332 1319
f 88 1281 1334
f 328 1333 1281
f 343 1334 1333
f 1281 1333 1334
f 341 1332 1330
f 343 1333 1332
f 328 1330 1333
f 1332 1333 1330
f 26 1259 1304
f 325 1335 1259
f 336 1304 1335
f 1259 1335 1304
f 85 1336 1263
f 344 1337 1336
f 325 1263 1337
f 1336 1337 1263
f 90 1309 1339
f 336 1338 1309
f 344 1339 1338
f 1309 1338 1339
f 325 1337 1335
f 344 1338 1337
f 336 1335 1338
f 1337 1338 1335
f 88 1334 1326
f 343 1340 1334
f 342 1326 1340
f 1334 1340 1326
f 90 1339 1331
f 344 1341 1339
f 343 1331 1341
f 1339 1341 1331
f 85 1329 1336
f 342 1342 1329
f 344 1336 1342
f 1329 1342 1336
f 343 1341 1340
f 344 1342 1341
f 342 1340 1342
f 1341 1342 1340
f 12 1100 1344
f 284 1343 1100
f 346 1344 1343
f 1100 1343 1344
f 77 1345 1103
f 345 1346 1345
f 284 1103 1346
f 1345 1346 1103
f 93 1347 1349
f 346 1348 1347
f 345 1349 1348
f 1347 1348 1349
f 284 1346 1343
f 345 1348 1346
f 346 1343 1348
f 1346 1348 1343
f 22 1350 1113
f 347 1351 1350
f 287 1113 1351
f 1350 1351 1113
f 92 1352 1354
f 348 1353 1352
f 347 1354 1353
f 1352 1353 1354
f 77 1118 1356
f 287 1355 1118
f 348 1356 1355
f 1118 1355 1356
f 347 1353 1351
f 348 1355 1353
f 287 1351 1355
f 1353 1355 1351
f 28 1357 1359
f 349 1358 1357
f 351 1359 1358
f 1357 1358 1359
f 93 1360 1362
f 350 1361 1360
f 349 1362 1361
f 1360 1361 1362
f 92 1363 1365
f 351 1364 1363
f 350 1365 1364
f 1363 1364 1365
f 349 1361 1358
f 350 1364 1361
f 351 1358 1364
f 1361 1364 1358
f 77 1356 1345
f 348 1366 1356
f 345 1345 1366
f 1356 1366 1345
f 92 1365 1352
f 350 1367 1365
f 348 1352 1367
f 1365 1367 1352
f 93 1349 1360
f 345 1368 1349
f 350 1360 1368
f 1349 1368 1360
f 348 1367 1366
f 350 1368 1367
f 345 1366 1368
f 1367 1368 1366
f 11 1369 1073
f 352 1370 1369
f 276 1073 1370
f 1369 1370 1073
f 94 1371 1373
f 353 1372 1371
f 352 1373 1372
f 1371 1372 1373
f 74 1077 1375
f 276 1374 1077
f 353 1375 1374
f 1077 1374 1375
f 352 1372 1370
f 353 1374 1372
f 276 1370 1374
f 1372 1374 1370
f 27 1376 1378
f 354 1377 1376
f 356 1378 1377
f 1376 1377 1378
f 95 1379 1381
f 355 1380 1379
f 354 1381 1380
f 1379 1380 1381
f 94 1382 1384
f 356 1383 1382
f 355 1384 1383
f 1382 1383 1384
f 354 1380 1377
f 355 1383 1380
f 356 1377 1383
f 1380 1383 1377
f 22 1082 1386
f 280 1385 1082
f 358 1386 1385
f 1082 1385 1386
f 74 1387 1086
f 357 1388 1387
f 280 1086 1388
f 1387 1388 1086
f 95 1389 1391
f 358 1390 1389
f 357 1391 1390
f 1389 1390 1391
f 280 1388 1385
f 357 1390 1388
f 358 1385 1390
f 1388 1390 1385
f 94 1384 1371
f 355 1392 1384
f 353 1371 1392
f 1384 1392 1371
f 95 1391 1379
f 357 1393 1391
f 355 1379 1393
f 1391 1393 1379
f 74 1375 1387
f 353 1394 1375
f 357 1387 1394
f 1375 1394 1387
f 355 1393 1392
f 357 1394 1393
f 353 1392 1394
f 1393 1394 1392
f 3 1395 1397
f 359 1396 1395
f 361 1397 1396
f 1395 1396 1397
f 96 1398 1400
f 360 1399 1398
f 359 1400 1399
f 1398 1399 1400
f 98 1401 1403
f 361 1402 1401
f 360 1403 1402
f 1401 1402 1403
f 359 1399 1396
f 360 1402 1399
f 361 1396 1402
f 1399 1402 1396
f 28 1404 1406
f 362 1405 1404
f 364 1406 1405
f 1404 1405 1406
f 97 1407 1409
f 363 1408 1407
f 362 1409 1408
f 1407 1408 1409
f 96 1410 1412
f 364 1411 1410
f 363 1412 1411
f 1410 1411 1412
f 362 1408 1405
f 363 1411 1408
f 364 1405 1411
f 1408 1411 1405
f 27 1413 1415
f 365 1414 1413
f 367 1415 1414
f 1413 1414 1415
f 98 1416 1418
f 366 1417 1416
f 365 1418 1417
f 1416 1417 1418
f 97 1419 1421
f 367 1420 1419
f 366 1421 1420
f 1419 1420 1421
f 365 1417 1414
f 366 1420 1417
f 367 1414 1420
f 1417 1420 1414
f 96 1412 1398
f 363 1422 1412
f 360 1398 1422
f 1412 1422 1398
f 97 1421 1407
f 366 1423 1421
f 363 1407 1423
f 1421 1423 1407
f 98 1403 1416
f 360 1424 1403
f 366 1416 1424
f 1403 1424 1416
f 363 1423 1422
f 366 1424 1423
f 360 1422 1424
f 1423 1424 1422
f 22 1386 1350
f 358 1425 1386
f 347 1350 1425
f 1386 1425 1350
f 95 1426 1389
f 368 1427 1426
f 358 1389 1427
f 1426 1427 1389
f 92 1354 1429
f 347 1428 1354
f 368 1429 1428
f 1354 1428 1429
f 358 1427 1425
f 368 1428 1427
f 347 1425 1428
f 1427 1428 1425
f 27 1415 1376
f 367 1430 1415
f 354 1376 1430
f 1415 1430 1376
f 97 1431 1419
f 369 1432 1431
f 367 1419 1432
f 1431 1432 1419
f 95 1381 1434
f 354 1433 1381
f 369 1434 1433
f 1381 1433 1434
f 367 1432 1430
f 369 1433 1432
f 354 1430 1433
f 1432 1433 1430
f 28 1359 1404
f 351 1435 1359
f 362 1404 1435
f 1359 1435 1404
f 92 1436 1363
f 370 1437 1436
f 351 1363 1437
f 1436 1437 1363
f 97 1409 1439
f 362 1438 1409
f 370 1439 1438
f 1409 1438 1439
f 351 1437 1435
f 370 1438 1437
f 362 1435 1438
f 1437 1438 1435
f 95 1434 1426
f 369 1440 1434
f 368 1426 1440
f 1434 1440 1426
f 97 1439 1431
f 370 1441 1439
f 369 1431 1441
f 1439 1441 1431
f 92 1429 1436
f 368 1442 1429
f 370 1436 1442
f 1429 1442 1436
f 369 1441 1440
f 370 1442 1441
f 368 1440 1442
f 1441 1442 1440
f 11 1005 1444
f 261 1443 1005
f 372 1444 1443
f 1005 1443 1444
f 72 1445 1009
f 371 1446 1445
f 261 1009 1446
f 1445 1446 1009
f 100 1447 1449
f 372 1448 1447
f 371 1449 1448
f 1447 1448 1449
f 261 1446 1443
f 371 1448 1446
f 372 1443 1448
f 1446 1448 1443
f 20 1450 1021
f 373 1451 1450
f 265 1021 1451
f 1450 1451 1021
f 99 1452 1454
f 374 1453 1452
f 373 1454 1453
f 1452 1453 1454
f 72 1026 1456
f 265 1455 1026
f 374 1456 1455
f 1026 1455 1456
f 373 1453 1451
f 374 1455 1453
f 265 1451 1455
f 1453 1455 1451
f 30 1457 1459
f 375 1458 1457
f 377 1459 1458
f 1457 1458 1459
f 100 1460 1462
f 376 1461 1460
f 375 1462 1461
f 1460 1461 1462
f 99 1463 1465
f 377 1464 1463
f 376 1465 1464
f 1463 1464 1465
f 375 1461 1458
f 376 1464 1461
f 377 1458 1464
f 1461 1464 1458
f 72 1456 1445
f 374 1466 1456
f 371 1445 1466
f 1456 1466 1445
f 99 1465 1452
f 376 1467 1465
f 374 1452 1467
f 1465 1467 1452
f 100 1449 1460
f 371 1468 1449
f 376 1460 1468
f 1449 1468 1460
f 374 1467 1466
f 376 1468 1467
f 371 1466 1468
f 1467 1468 1466
f 8 1469 977
f 378 1470 1469
f 252 977 1470
f 1469 1470 977
f 101 1471 1473
f 379 1472 1471
f 378 1473 1472
f 1471 1472 1473
f 68 981 1475
f 252 1474 981
f 379 1475 1474
f 981 1474 1475
f 378 1472 1470
f 379 1474 1472
f 252 1470 1474
f 1472 1474 1470
f 29 1476 1478
f 380 1477 1476
f 382 1478 1477
f 1476 1477 1478
f 102 1479 1481
f 381 1480 1479
f 380 1481 1480
f 1479 1480 1481
f 101 1482 1484
f 382 1483 1482
f 381 1484 1483
f 1482 1483 1484
f 380 1480 1477
f 381 1483 1480
f 382 1477 1483
f 1480 1483 1477
f 20 986 1486
f 256 1485 986
f 384 1486 1485
f 986 1485 1486
f 68 1487 990
f 383 1488 1487
f 256 990 1488
f 1487 1488 990
f 102 1489 1491
f 384 1490 1489
f 383 1491 1490
f 1489 1490 1491
f 256 1488 1485
f 383 1490 1488
f 384 1485 1490
f 1488 1490 1485
f 101 1484 1471
f 381 1492 1484
f 379 1471 1492
f 1484 1492 1471
f 102 1491 1479
f 383 1493 1491
f 381 1479 1493
f 1491 1493 1479
f 68 1475 1487
f 379 1494 1475
f 383 1487 1494
f 1475 1494 1487
f 381 1493 1492
f 383 1494 1493
f 379 1492 1494
f 1493 1494 1492
f 7 1495 1497
f 385 1496 1495
f 387 1497 1496
f 1495 1496 1497
f 103 1498 1500
f 386 1499 1498
f 385 1500 1499
f 1498 1499 1500
f 105 1501 1503
f 387 1502 1501
f 386 1503 1502
f 1501 1502 1503
f 385 1499 1496
f 386 1502 1499
f 387 1496 1502
f 1499 1502 1496
f 30 1504 1506
f 388 1505 1504
f 390 1506 1505
f 1504 1505 1506
f 104 1507 1509
f 389 1508 1507
f 388 1509 1508
f 1507 1508 1509
f 103 1510 1512
f 390 1511 1510
f 389 1512 1511
f 1510 1511 1512
f 388 1508 1505
f 389 1511 1508
f 390 1505 1511
f 1508 1511 1505
f 29 1513 1515
f 391 1514 1513
f 393 1515 1514
f 1513 1514 1515
f 105 1516 1518
f 392 1517 1516
f 391 1518 1517
f 1516 1517 1518
f 104 1519 1521
f 393 1520 1519
f 392 1521 1520
f 1519 1520 1521
f 391 1517 1514
f 392 1520 1517
f 393 1514 1520
f 1517 1520 1514
f 103 1512 1498
f 389 1522 1512
f 386 1498 1522
f 1512 1522 1498
f 104 1521 1507
f 392 1523 1521
f 389 1507 1523
f 1521 1523 1507
f 105 1503 1516
f 386 1524 1503
f 392 1516 1524
f 1503 1524 1516
f 389 1523 1522
f 392 1524 1523
f 386 1522 1524
f 1523 1524 1522
f 20 1486 1450
f 384 1525 1486
f 373 1450 1525
f 1486 1525 1450
f 102 1526 1489
f 394 1527 1526
f 384 1489 1527
f 1526 1527 1489
f 99 1454 1529
f 373 1528 1454
f 394 1529 1528
f 1454 1528 1529
f 384 1527 1525
f 394 1528 1527
f 373 1525 1528
f 1527 1528 1525
f 29 1515 1476
f 393 1530 1515
f 380 1476 1530
f 1515 1530 1476
f 104 1531 1519
f 395 1532 1531
f 393 1519 1532
f 1531 1532 1519
f 102 1481 1534
f 380 1533 1481
f 395 1534 1533
f 1481 1533 1534
f 393 1532 1530
f 395 1533 1532
f 380 1530 1533
f 1532 1533 1530
f 30 1459 1504
f 377 1535 1459
f 388 1504 1535
f 1459 1535 1504
f 99 1536 1463
f 396 1537 1536
f 377 1463 1537
f 1536 1537 1463
f 104 1509 1539
f 388 1538 1509
f 396 1539 1538
f 1509 1538 1539
f 377 1537 1535
f 396 1538 1537
f 388 1535 1538
f 1537 1538 1535
f 102 1534 1526
f 395 1540 1534
f 394 1526 1540
f 1534 1540 1526
f 104 1539 1531
f 396 1541 1539
f 395 1531 1541
f 1539 1541 1531
f 99 1529 1536
f 394 1542 1529
f 396 1536 1542
f 1529 1542 1536
f 395 1541 1540
f 396 1542 1541
f 394 1540 1542
f 1541 1542 1540
f 8 905 1544
f 235 1543 905
f 398 1544 1543
f 905 1543 1544
f 65 1545 909
f 397 1546 1545
f 235 909 1546
f 1545 1546 909
f 107 1547 1549
f 398 1548 1547
f 397 1549 1548
f 1547 1548 1549
f 235 1546 1543
f 397 1548 1546
f 398 1543 1548
f 1546 1548 1543
f 18 1550 921
f 399 1551 1550
f 239 921 1551
f 1550 1551 921
f 106 1552 1554
f 400 1553 1552
f 399 1554 1553
f 1552 1553 1554
f 65 926 1556
f 239 1555 926
f 400 1556 1555
f 926 1555 1556
f 399 1553 1551
f 400 1555 1553
f 239 1551 1555
f 1553 1555 1551
f 32 1557 1559
f 401 1558 1557
f 403 1559 1558
f 1557 1558 1559
f 107 1560 1562
f 402 1561 1560
f 401 1562 1561
f 1560 1561 1562
f 106 1563 1565
f 403 1564 1563
f 402 1565 1564
f 1563 1564 1565
f 401 1561 1558
f 402 1564 1561
f 403 1558 1564
f 1561 1564 1558
f 65 1556 1545
f 400 1566 1556
f 397 1545 1566
f 1556 1566 1545
f 106 1565 1552
f 402 1567 1565
f 400 1552 1567
f 1565 1567 1552
f 107 1549 1560
f 397 1568 1549
f 402 1560 1568
f 1549 1568 1560
f 400 1567 1566
f 402 1568 1567
f 397 1566 1568
f 1567 1568 1566
f 2 1569 877
f 404 1570 1569
f 226 877 1570
f 1569 1570 877
f 108 1571 1573
f 405 1572 1571
f 404 1573 1572
f 1571 1572 1573
f 61 881 1575
f 226 1574 881
f 405 1575 1574
f 881 1574 1575
f 404 1572 1570
f 405 1574 1572
f 226 1570 1574
f 1572 1574 1570
f 31 1576 1578
f 406 1577 1576
f 408 1578 1577
f 1576 1577 1578
f 109 1579 1581
f 407 1580 1579
f 406 1581 1580
f 1579 1580 1581
f 108 1582 1584
f 408 1583 1582
f 407 1584 1583
f 1582 1583 1584
f 406 1580 1577
f 407 1583 1580
f 408 1577 1583
f 1580 1583 1577
f 18 886 1586
f 230 1585 886
f 410 1586 1585
f 886 1585 1586
f 61 1587 890
f 409 1588 1587
f 230 890 1588
f 1587 1588 890
f 109 1589 1591
f 410 1590 1589
f 409 1591 1590
f 1589 1590 1591
f 230 1588 1585
f 409 1590 1588
f 410 1585 1590
f 1588 1590 1585
f 108 1584 1571
f 407 1592 1584
f 405 1571 1592
f 1584 1592 1571
f 109 1591 1579
f 409 1593 1591
f 407 1579 1593
f 1591 1593 1579
f 61 1575 1587
f 405 1594 1575
f 409 1587 1594
f 1575 1594 1587
f 407 1593 1592
f 409 1594 1593
f 405 1592 1594
f 1593 1594 1592
f 9 1595 1597
f 411 1596 1595
f 413 1597 1596
f 1595 1596 1597
f 110 1598 1600
f 412 1599 1598
f 411 1600 1599
f 1598 1599 1600
f 112 1601 1603
f 413 1602 1601
f 412 1603 1602
f 1601 1602 1603
f 411 1599 1596
f 412 1602 1599
f 413 1596 1602
f 1599 1602 1596
f 32 1604 1606
f 414 1605 1604
f 416 1606 1605
f 1604 1605 1606
f 111 1607 1609
f 415 1608 1607
f 414 1609 1608
f 1607 1608 1609
f 110 1610 1612
f 416 1611 1610
f 415 1612 1611
f 1610 1611 1612
f 414 1608 1605
f 415 1611 1608
f 416 1605 1611
f 1608 1611 1605
f 31 1613 1615
f 417 1614 1613
f 419 1615 1614
f 1613 1614 1615
f 112 1616 1618
f 418 1617 1616
f 417 1618 1617
f 1616 1617 1618
f 111 1619 1621
f 419 1620 1619
f 418 1621 1620
f 1619 1620 1621
f 417 1617 1614
f 418 1620 1617
f 419 1614 1620
f 1617 1620 1614
f 110 1612 1598
f 415 1622 1612
f 412 1598 1622
f 1612 1622 1598
f 111 1621 1607
f 418 1623 1621
f 415 1607 1623
f 1621 1623 1607
f 112 1603 1616
f 412 1624 1603
f 418 1616 1624
f 1603 1624 1616
f 415 1623 1622
f 418 1624 1623
f 412 1622 1624
f 1623 1624 1622
f 18 1586 1550
f 410 1625 1586
f 399 1550 1625
f 1586 1625 1550
f 109 1626 1589
f 420 1627 1626
f 410 1589 1627
f 1626 1627 1589
f 106 1554 1629
f 399 1628 1554
f 420 1629 1628
f 1554 1628 1629
f 410 1627 1625
f 420 1628 1627
f 399 1625 1628
f 1627 1628 1625
f 31 1615 1576
f 419 1630 1615
f 406 1576 1630
f 1615 1630 1576
f 111 1631 1619
f 421 1632 1631
f 419 1619 1632
f 1631 1632 1619
f 109 1581 1634
f 406 1633 1581
f 421 1634 1633
f 1581 1633 1634
f 419 1632 1630
f 421 1633 1632
f 406 1630 1633
f 1632 1633 1630
f 32 1559 1604
f 403 1635 1559
f 414 1604 1635
f 1559 1635 1604
f 106 1636 1563
f 422 1637 1636
f 403 1563 1637
f 1636 1637 1563
f 111 1609 1639
f 414 1638 1609
f 422 1639 1638
f 1609 1638 1639
f 403 1637 1635
f 422 1638 1637
f 414 1635 1638
f 1637 1638 1635
f 109 1634 1626
f 421 1640 1634
f 420 1626 1640
f 1634 1640 1626
f 111 1639 1631
f 422 1641 1639
f 421 1631 1641
f 1639 1641 1631
f 106 1629 1636
f 420 1642 1629
f 422 1636 1642
f 1629 1642 1636
f 421 1641 1640
f 422 1642 1641
f 420 1640 1642
f 1641 1642 1640
f 4 1643 1645
f 423 1644 1643
f 425 1645 1644
f 1643 1644 1645
f 113 1646 1648
f 424 1647 1646
f 423 1648 1647
f 1646 1647 1648
f 115 1649 1651
f 425 1650 1649
f 424 1651 1650
f 1649 1650 1651
f 423 1647 1644
f 424 1650 1647
f 425 1644 1650
f 1647 1650 1644
f 33 1652 1654
f 426 1653 1652
f 428 1654 1653
f 1652 1653 1654
f 114 1655 1657
f 427 1656 1655
f 426 1657 1656
f 1655 1656 1657
f 113 1658 1660
f 428 1659 1658
f 427 1660 1659
f 1658 1659 1660
f 426 1656 1653
f 427 1659 1656
f 428 1653 1659
f 1656 1659 1653
f 35 1661 1663
f 429 1662 1661
f 431 1663 1662
f 1661 1662 1663
f 115 1664 1666
f 430 1665 1664
f 429 1666 1665
f 1664 1665 1666
f 114 1667 1669
f 431 1668 1667
f 430 1669 1668
f 1667 1668 1669
f 429 1665 1662
f 430 1668 1665
f 431 1662 1668
f 1665 1668 1662
f 113 1660 1646
f 427 1670 1660
f 424 1646 1670
f 1660 1670 1646
f 114 1669 1655
f 430 1671 1669
f 427 1655 1671
f 1669 1671 1655
f 115 1651 1664
f 424 1672 1651
f 430 1664 1672
f 1651 1672 1664
f 427 1671 1670
f 430 1672 1671
f 424 1670 1672
f 1671 1672 1670
f 10 1673 1675
f 432 1674 1673
f 434 1675 1674
f 1673 1674 1675
f 116 1676 1678
f 433 1677 1676
f 432 1678 1677
f 1676 1677 1678
f 118 1679 1681
f 434 1680 1679
f 433 1681 1680
f 1679 1680 1681
f 432 1677 1674
f 433 1680 1677
f 434 1674 1680
f 1677 1680 1674
f 34 1682 1684
f 435 1683 1682
f 437 1684 1683
f 1682 1683 1684
f 117 1685 1687
f 436 1686 1685
f 435 1687 1686
f 1685 1686 1687
f 116 1688 1690
f 437 1689 1688
f 436 1690 1689
f 1688 1689 1690
f 435 1686 1683
f 436 1689 1686
f 437 1683 1689
f 1686 1689 1683
f 33 1691 1693
f 438 1692 1691
f 440 1693 1692
f 1691 1692 1693
f 118 1694 1696
f 439 1695 1694
f 438 1696 1695
f 1694 1695 1696
f 117 1697 1699
f 440 1698 1697
f 439 1699 1698
f 1697 1698 1699
f 438 1695 1692
f 439 1698 1695
f 440 1692 1698
f 1695 1698 1692
f 116 1690 1676
f 436 1700 1690
f 433 1676 1700
f 1690 1700 1676
f 117 1699 1685
f 439 1701 1699
f 436 1685 1701
f 1699 1701 1685
f 118 1681 1694
f 433 1702 1681
f 439 1694 1702
f 1681 1702 1694
f 436 1701 1700
f 439 1702 1701
f 433 1700 1702
f 1701 1702 1700
f 5 1703 1705
f 441 1704 1703
f 443 1705 1704
f 1703 1704 1705
f 119 1706 1708
f 442 1707 1706
f 441 1708 1707
f 1706 1707 1708
f 121 1709 1711
f 443 1710 1709
f 442 1711 1710
f 1709 1710 1711
f 441 1707 1704
f 442 1710 1707
f 443 1704 1710
f 1707 1710 1704
f 35 1712 1714
f 444 1713 1712
f 446 1714 1713
f 1712 1713 1714
f 120 1715 1717
f 445 1716 1715
f 444 1717 1716
f 1715 1716 1717
f 119 1718 1720
f 446 1719 1718
f 445 1720 1719
f 1718 1719 1720
f 444 1716 1713
f 445 1719 1716
f 446 1713 1719
f 1716 1719 1713
f 34 1721 1723
f 447 1722 1721
f 449 1723 1722
f 1721 1722 1723
f 121 1724 1726
f 448 1725 1724
f 447 1726 1725
f 1724 1725 1726
f 120 1727 1729
f 449 1728 1727
f 448 1729 1728
f 1727 1728 1729
f 447 1725 1722
f 448 1728 1725
f 449 1722 1728
f 1725 1728 1722
f 119 1720 1706
f 445 1730 1720
f 442 1706 1730
f 1720 1730 1706
f 120 1729 1715
f 448 1731 1729
f 445 1715 1731
f 1729 1731 1715
f 121 1711 1724
f 442 1732 1711
f 448 1724 1732
f 1711 1732 1724
f 445 1731 1730
f 448 1732 1731
f 442 1730 1732
f 1731 1732 1730
f 33 1693 1652
f 440 1733 1693
f 426 1652 1733
f 1693 1733 1652
f 117 1734 1697
f 450 1735 1734
f 440 1697 1735
f 1734 1735 1697
f 114 1657 1737
f 426 1736 1657
f 450 1737 1736
f 1657 1736 1737
f 440 1735 1733
f 450 1736 1735
f 426 1733 1736
f 1735 1736 1733
f 34 1723 1682
f 449 1738 1723
f 435 1682 1738
f 1723 1738 1682
f 120 1739 1727
f 451 1740 1739
f 449 1727 1740
f 1739 1740 1727
f 117 1687 1742
f 435 1741 1687
f 451 1742 1741
f 1687 1741 1742
f 449 1740 1738
f 451 1741 1740
f 435 1738 1741
f 1740 1741 1738
f 35 1663 1712
f 431 1743 1663
f 444 1712 1743
f 1663 1743 1712
f 114 1744 1667
f 452 1745 1744
f 431 1667 1745
f 1744 1745 1667
f 120 1717 1747
f 444 1746 1717
f 452 1747 1746
f 1717 1746 1747
f 431 1745 1743
f 452 1746 1745
f 444 1743 1746
f 1745 1746 1743
f 117 1742 1734
f 451 1748 1742
f 450 1734 1748
f 1742 1748 1734
f 120 1747 1739
f 452 1749 1747
f 451 1739 1749
f 1747 1749 1739
f 114 1737 1744
f 450 1750 1737
f 452 1744 1750
f 1737 1750 1744
f 451 1749 1748
f 452 1750 1749
f 450 1748 1750
f 1749 1750 1748
f 4 1645 1752
f 425 1751 1645
f 454 1752 1751
f 1645 1751 1752
f 115 1753 1649
f 453 1754 1753
f 425 1649 1754
f 1753 1754 1649
f 123 1755 1757
f 454 1756 1755
f 453 1757 1756
f 1755 1756 1757
f 425 1754 1751
f 453 1756 1754
f 454 1751 1756
f 1754 1756 1751
f 35 1758 1661
f 455 1759 1758
f 429 1661 1759
f 1758 1759 1661
f 122 1760 1762
f 456 1761 1760
f 455 1762 1761
f 1760 1761 1762
f 115 1666 1764
f 429 1763 1666
f 456 1764 1763
f 1666 1763 1764
f 455 1761 1759
f 456 1763 1761
f 429 1759 1763
f 1761 1763 1759
f 37 1765 1767
f 457 1766 1765
f 459 1767 1766
f 1765 1766 1767
f 123 1768 1770
f 458 1769 1768
f 457 1770 1769
f 1768 1769 1770
f 122 1771 1773
f 459 1772 1771
f 458 1773 1772
f 1771 1772 1773
f 457 1769 1766
f 458 1772 1769
f 459 1766 1772
f 1769 1772 1766
f 115 1764 1753
f 456 1774 1764
f 453 1753 1774
f 1764 1774 1753
f 122 1773 1760
f 458 1775 1773
f 456 1760 1775
f 1773 1775 1760
f 123 1757 1768
f 453 1776 1757
f 458 1768 1776
f 1757 1776 1768
f 456 1775 1774
f 458 1776 1775
f 453 1774 1776
f 1775 1776 1774
f 5 1777 1703
f 460 1778 1777
f 441 1703 1778
f 1777 1778 1703
f 124 1779 1781
f 461 1780 1779
f 460 1781 1780
f 1779 1780 1781
f 119 1708 1783
f 441 1782 1708
f 461 1783 1782
f 1708 1782 1783
f 460 1780 1778
f 461 1782 1780
f 441 1778 1782
f 1780 1782 1778
f 36 1784 1786
f 462 1785 1784
f 464 1786 1785
f 1784 1785 1786
f 125 1787 1789
f 463 1788 1787
f 462 1789 1788
f 1787 1788 1789
f 124 1790 1792
f 464 1791 1790
f 463 1792 1791
f 1790 1791 1792
f 462 1788 1785
f 463 1791 1788
f 464 1785 1791
f 1788 1791 1785
f 35 1714 1794
f 446 1793 1714
f 466 1794 1793
f 1714 1793 1794
f 119 1795 1718
f 465 1796 1795
f 446 1718 1796
f 1795 1796 1718
f 125 1797 1799
f 466 1798 1797
f 465 1799 1798
f 1797 1798 1799
f 446 1796 1793
f 465 1798 1796
f 466 1793 1798
f 1796 1798 1793
f 124 1792 1779
f 463 1800 1792
f 461 1779 1800
f 1792 1800 1779
f 125 1799 1787
f 465 1801 1799
f 463 1787 1801
f 1799 1801 1787
f 119 1783 1795
f 461 1802 1783
f 465 1795 1802
f 1783 1802 1795
f 463 1801 1800
f 465 1802 1801
f 461 1800 1802
f 1801 1802 1800
f 3 1803 1805
f 467 1804 1803
f 469 1805 1804
f 1803 1804 1805
f 126 1806 1808
f 468 1807 1806
f 467 1808 1807
f 1806 1807 1808
f 128 1809 1811
f 469 1810 1809
f 468 1811 1810
f 1809 1810 1811
f 467 1807 1804
f 468 1810 1807
f 469 1804 1810
f 1807 1810 1804
f 37 1812 1814
f 470 1813 1812
f 472 1814 1813
f 1812 1813 1814
f 127 1815 1817
f 471 1816 1815
f 470 1817 1816
f 1815 1816 1817
f 126 1818 1820
f 472 1819 1818
f 471 1820 1819
f 1818 1819 1820
f 470 1816 1813
f 471 1819 1816
f 472 1813 1819
f 1816 1819 1813
f 36 1821 1823
f 473 1822 1821
f 475 1823 1822
f 1821 1822 1823
f 128 1824 1826
f 474 1825 1824
f 473 1826 1825
f 1824 1825 1826
f 127 1827 1829
f 475 1828 1827
f 474 1829 1828
f 1827 1828 1829
f 473 1825 1822
f 474 1828 1825
f 475 1822 1828
f 1825 1828 1822
f 126 1820 1806
f 471 1830 1820
f 468 1806 1830
f 1820 1830 1806
f 127 1829 1815
f 474 1831 1829
f 471 1815 1831
f 1829 1831 1815
f 128 1811 1824
f 468 1832 1811
f 474 1824 1832
f 1811 1832 1824
f 471 1831 1830
f 474 1832 1831
f 468 1830 1832
f 1831 1832 1830
f 35 1794 1758
f 466 1833 1794
f 455 1758 1833
f 1794 1833 1758
f 125 1834 1797
f 476 1835 1834
f 466 1797 1835
f 1834 1835 1797
f 122 1762 1837
f 455 1836 1762
f 476 1837 1836
f 1762 1836 1837
f 466 1835 1833
f 476 1836 1835
f 455 1833 1836
f 1835 1836 1833
f 36 1823 1784
f 475 1838 1823
f 462 1784 1838
f 1823 1838 1784
f 127 1839 1827
f 477 1840 1839
f 475 1827 1840
f 1839 1840 1827
f 125 1789 1842
f 462 1841 1789
f 477 1842 1841
f 1789 1841 1842
f 475 1840 1838
f 477 1841 1840
f 462 1838 1841
f 1840 1841 1838
f 37 1767 1812
f 459 1843 1767
f 470 1812 1843
f 1767 1843 1812
f 122 1844 1771
f 478 1845 1844
f 459 1771 1845
f 1844 1845 1771
f 127 1817 1847
f 470 1846 1817
f 478 1847 1846
f 1817 1846 1847
f 459 1845 1843
f 478 1846 1845
f 470 1843 1846
f 1845 1846 1843
f 125 1842 1834
f 477 1848 1842
f 476 1834 1848
f 1842 1848 1834
f 127 1847 1839
f 478 1849 1847
f 477 1839 1849
f 1847 1849 1839
f 122 1837 1844
f 476 1850 1837
f 478 1844 1850
f 1837 1850 1844
f 477 1849 1848
f 478 1850 1849
f 476 1848 1850
f 1849 1850 1848
f 4 1752 1852
f 454 1851 1752
f 480 1852 1851
f 1752 1851 1852
f 123 1853 1755
f 479 1854 1853
f 454 1755 1854
f 1853 1854 1755
f 130 1855 1857
f 480 1856 1855
f 479 1857 1856
f 1855 1856 1857
f 454 1854 1851
f 479 1856 1854
f 480 1851 1856
f 1854 1856 1851
f 37 1858 1765
f 481 1859 1858
f 457 1765 1859
f 1858 1859 1765
f 129 1860 1862
f 482 1861 1860
f 481 1862 1861
f 1860 1861 1862
f 123 1770 1864
f 457 1863 1770
f 482 1864 1863
f 1770 1863 1864
f 481 1861 1859
f 482 1863 1861
f 457 1859 1863
f 1861 1863 1859
f 39 1865 1867
f 483 1866 1865
f 485 1867 1866
f 1865 1866 1867
f 130 1868 1870
f 484 1869 1868
f 483 1870 1869
f 1868 1869 1870
f 129 1871 1873
f 485 1872 1871
f 484 1873 1872
f 1871 1872 1873
f 483 1869 1866
f 484 1872 1869
f 485 1866 1872
f 1869 1872 1866
f 123 1864 1853
f 482 1874 1864
f 479 1853 1874
f 1864 1874 1853
f 129 1873 1860
f 484 1875 1873
f 482 1860 1875
f 1873 1875 1860
f 130 1857 1868
f 479 1876 1857
f 484 1868 1876
f 1857 1876 1868
f 482 1875 1874
f 484 1876 1875
f 479 1874 1876
f 1875 1876 1874
f 3 1877 1803
f 486 1878 1877
f 467 1803 1878
f 1877 1878 1803
f 131 1879 1881
f 487 1880 1879
f 486 1881 1880
f 1879 1880 1881
f 126 1808 1883
f 467 1882 1808
f 487 1883 1882
f 1808 1882 1883
f 486 1880 1878
f 487 1882 1880
f 467 1878 1882
f 1880 1882 1878
f 38 1884 1886
f 488 1885 1884
f 490 1886 1885
f 1884 1885 1886
f 132 1887 1889
f 489 1888 1887
f 488 1889 1888
f 1887 1888 1889
f 131 1890 1892
f 490 1891 1890
f 489 1892 1891
f 1890 1891 1892
f 488 1888 1885
f 489 1891 1888
f 490 1885 1891
f 1888 1891 1885
f 37 1814 1894
f 472 1893 1814
f 492 1894 1893
f 1814 1893 1894
f 126 1895 1818
f 491 1896 1895
f 472 1818 1896
f 1895 1896 1818
f 132 1897 1899
f 492 1898 1897
f 491 1899 1898
f 1897 1898 1899
f 472 1896 1893
f 491 1898 1896
f 492 1893 1898
f 1896 1898 1893
f 131 1892 1879
f 489 1900 1892
f 487 1879 1900
f 1892 1900 1879
f 132 1899 1887
f 491 1901 1899
f 489 1887 1901
f 1899 1901 1887
f 126 1883 1895
f 487 1902 1883
f 491 1895 1902
f 1883 1902 1895
f 489 1901 1900
f 491 1902 1901
f 487 1900 1902
f 1901 1902 1900
f 7 1903 1905
f 493 1904 1903
f 495 1905 1904
f 1903 1904 1905
f 133 1906 1908
f 494 1907 1906
f 493 1908 1907
f 1906 1907 1908
f 135 1909 1911
f 495 1910 1909
f 494 1911 1910
f 1909 1910 1911
f 493 1907 1904
f 494 1910 1907
f 495 1904 1910
f 1907 1910 1904
f 39 1912 1914
f 496 1913 1912
f 498 1914 1913
f 1912 1913 1914
f 134 1915 1917
f 497 1916 1915
f 496 1917 1916
f 1915 1916 1917
f 133 1918 1920
f 498 1919 1918
f 497 1920 1919
f 1918 1919 1920
f 496 1916 1913
f 497 1919 1916
f 498 1913 1919
f 1916 1919 1913
f 38 1921 1923
f 499 1922 1921
f 501 1923 1922
f 1921 1922 1923
f 135 1924 1926
f 500 1925 1924
f 499 1926 1925
f 1924 1925 1926
f 134 1927 1929
f 501 1928 1927
f 500 1929 1928
f 1927 1928 1929
f 499 1925 1922
f 500 1928 1925
f 501 1922 1928
f 1925 1928 1922
f 133 1920 1906
f 497 1930 1920
f 494 1906 1930
f 1920 1930 1906
f 134 1929 1915
f 500 1931 1929
f 497 1915 1931
f 1929 1931 1915
f 135 1911 1924
f 494 1932 1911
f 500 1924 1932
f 1911 1932 1924
f 497 1931 1930
f 500 1932 1931
f 494 1930 1932
f 1931 1932 1930
f 37 1894 1858
f 492 1933 1894
f 481 1858 1933
f 1894 1933 1858
f 132 1934 1897
f 502 1935 1934
f 492 1897 1935
f 1934 1935 1897
f 129 1862 1937
f 481 1936 1862
f 502 1937 1936
f 1862 1936 1937
f 492 1935 1933
f 502 1936 1935
f 481 1933 1936
f 1935 1936 1933
f 38 1923 1884
f 501 1938 1923
f 488 1884 1938
f 1923 1938 1884
f 134 1939 1927
f 503 1940 1939
f 501 1927 1940
f 1939 1940 1927
f 132 1889 1942
f 488 1941 1889
f 503 1942 1941
f 1889 1941 1942
f 501 1940 1938
f 503 1941 1940
f 488 1938 1941
f 1940 1941 1938
f 39 1867 1912
f 485 1943 1867
f 496 1912 1943
f 1867 1943 1912
f 129 1944 1871
f 504 1945 1944
f 485 1871 1945
f 1944 1945 1871
f 134 1917 1947
f 496 1946 1917
f 504 1947 1946
f 1917 1946 1947
f 485 1945 1943
f 504 1946 1945
f 496 1943 1946
f 1945 1946 1943
f 132 1942 1934
f 503 1948 1942
f 502 1934 1948
f 1942 1948 1934
f 134 1947 1939
f 504 1949 1947
f 503 1939 1949
f 1947 1949 1939
f 129 1937 1944
f 502 1950 1937
f 504 1944 1950
f 1937 1950 1944
f 503 1949 1948
f 504 1950 1949
f 502 1948 1950
f 1949 1950 1948
f 4 1852 1952
f 480 1951 1852
f 506 1952 1951
f 1852 1951 1952
f 130 1953 1855
f 505 1954 1953
f 480 1855 1954
f 1953 1954 1855
f 137 1955 1957
f 506 1956 1955
f 505 1957 1956
f 1955 1956 1957
f 480 1954 1951
f 505 1956 1954
f 506 1951 1956
f 1954 1956 1951
f 39 1958 1865
f 507 1959 1958
f 483 1865 1959
f 1958 1959 1865
f 136 1960 1962
f 508 1961 1960
f 507 1962 1961
f 1960 1961 1962
f 130 1870 1964
f 483 1963 1870
f 508 1964 1963
f 1870 1963 1964
f 507 1961 1959
f 508 1963 1961
f 483 1959 1963
f 1961 1963 1959
f 41 1965 1967
f 509 1966 1965
f 511 1967 1966
f 1965 1966 1967
f 137 1968 1970
f 510 1969 1968
f 509 1970 1969
f 1968 1969 1970
f 136 1971 1973
f 511 1972 1971
f 510 1973 1972
f 1971 1972 1973
f 509 1969 1966
f 510 1972 1969
f 511 1966 1972
f 1969 1972 1966
f 130 1964 1953
f 508 1974 1964
f 505 1953 1974
f 1964 1974 1953
f 136 1973 1960
f 510 1975 1973
f 508 1960 1975
f 1973 1975 1960
f 137 1957 1968
f 505 1976 1957
f 510 1968 1976
f 1957 1976 1968
f 508 1975 1974
f 510 1976 1975
f 505 1974 1976
f 1975 1976 1974
f 7 1977 1903
f 512 1978 1977
f 493 1903 1978
f 1977 1978 1903
f 138 1979 1981
f 513 1980 1979
f 512 1981 1980
f 1979 1980 1981
f 133 1908 1983
f 493 1982 1908
f 513 1983 1982
f 1908 1982 1983
f 512 1980 1978
f 513 1982 1980
f 493 1978 1982
f 1980 1982 1978
f 40 1984 1986
f 514 1985 1984
f 516 1986 1985
f 1984 1985 1986
f 139 1987 1989
f 515 1988 1987
f 514 1989 1988
f 1987 1988 1989
f 138 1990 1992
f 516 1991 1990
f 515 1992 1991
f 1990 1991 1992
f 514 1988 1985
f 515 1991 1988
f 516 1985 1991
f 1988 1991 1985
f 39 1914 1994
f 498 1993 1914
f 518 1994 1993
f 1914 1993 1994
f 133 1995 1918
f 517 1996 1995
f 498 1918 1996
f 1995 1996 1918
f 139 1997 1999
f 518 1998 1997
f 517 1999 1998
f 1997 1998 1999
f 498 1996 1993
f 517 1998 1996
f 518 1993 1998
f 1996 1998 1993
f 138 1992 1979
f 515 2000 1992
f 513 1979 2000
f 1992 2000 1979
f 139 1999 1987
f 517 2001 1999
f 515 1987 2001
f 1999 2001 1987
f 133 1983 1995
f 513 2002 1983
f 517 1995 2002
f 1983 2002 1995
f 515 2001 2000
f 517 2002 2001
f 513 2000 2002
f 2001 2002 2000
f 9 2003 2005
f 519 2004 2003
f 521 2005 2004
f 2003 2004 2005
f 140 2006 2008
f 520 2007 2006
f 519 2008 2007
f 2006 2007 2008
f 142 2009 2011
f 521 2010 2009
f 520 2011 2010
f 2009 2010 2011
f 519 2007 2004
f 520 2010 2007
f 521 2004 2010
f 2007 2010 2004
f 41 2012 2014
f 522 2013 2012
f 524 2014 2013
f 2012 2013 2014
f 141 2015 2017
f 523 2016 2015
f 522 2017 2016
f 2015 2016 2017
f 140 2018 2020
f 524 2019 2018
f 523 2020 2019
f 2018 2019 2020
f 522 2016 2013
f 523 2019 2016
f 524 2013 2019
f 2016 2019 2013
f 40 2021 2023
f 525 2022 2021
f 527 2023 2022
f 2021 2022 2023
f 142 2024 2026
f 526 2025 2024
f 525 2026 2025
f 2024 2025 2026
f 141 2027 2029
f 527 2028 2027
f 526 2029 2028
f 2027 2028 2029
f 525 2025 2022
f 526 2028 2025
f 527 2022 2028
f 2025 2028 2022
f 140 2020 2006
f 523 2030 2020
f 520 2006 2030
f 2020 2030 2006
f 141 2029 2015
f 526 2031 2029
f 523 2015 2031
f 2029 2031 2015
f 142 2011 2024
f 520 2032 2011
f 526 2024 2032
f 2011 2032 2024
f 523 2031 2030
f 526 2032 2031
f 520 2030 2032
f 2031 2032 2030
f 39 1994 1958
f 518 2033 1994
f 507 1958 2033
f 1994 2033 1958
f 139 2034 1997
f 528 2035 2034
f 518 1997 2035
f 2034 2035 1997
f 136 1962 2037
f 507 2036 1962
f 528 2037 2036
f 1962 2036 2037
f 518 2035 2033
f 528 2036 2035
f 507 2033 2036
f 2035 2036 2033
f 40 2023 1984
f 527 2038 2023
f 514 1984 2038
f 2023 2038 1984
f 141 2039 2027
f 529 2040 2039
f 527 2027 2040
f 2039 2040 2027
f 139 1989 2042
f 514 2041 1989
f 529 2042 2041
f 1989 2041 2042
f 527 2040 2038
f 529 2041 2040
f 514 2038 2041
f 2040 2041 2038
f 41 1967 2012
f 511 2043 1967
f 522 2012 2043
f 1967 2043 2012
f 136 2044 1971
f 530 2045 2044
f 511 1971 2045
f 2044 2045 1971
f 141 2017 2047
f 522 2046 2017
f 530 2047 2046
f 2017 2046 2047
f 511 2045 2043
f 530 2046 2045
f 522 2043 2046
f 2045 2046 2043
f 139 2042 2034
f 529 2048 2042
f 528 2034 2048
f 2042 2048 2034
f 141 2047 2039
f 530 2049 2047
f 529 2039 2049
f 2047 2049 2039
f 136 2037 2044
f 528 2050 2037
f 530 2044 2050
f 2037 2050 2044
f 529 2049 2048
f 530 2050 2049
f 528 2048 2050
f 2049 2050 2048
f 4 1952 1643
f 506 2051 1952
f 423 1643 2051
f 1952 2051 1643
f 137 2052 1955
f 531 2053 2052
f 506 1955 2053
f 2052 2053 1955
f 113 1648 2055
f 423 2054 1648
f 531 2055 2054
f 1648 2054 2055
f 506 2053 2051
f 531 2054 2053
f 423 2051 2054
f 2053 2054 2051
f 41 2056 1965
f 532 2057 2056
f 509 1965 2057
f 2056 2057 1965
f 143 2058 2060
f 533 2059 2058
f 532 2060 2059
f 2058 2059 2060
f 137 1970 2062
f 509 2061 1970
f 533 2062 2061
f 1970 2061 2062
f 532 2059 2057
f 533 2061 2059
f 509 2057 2061
f 2059 2061 2057
f 33 1654 2064
f 428 2063 1654
f 535 2064 2063
f 1654 2063 2064
f 113 2065 1658
f 534 2066 2065
f 428 1658 2066
f 2065 2066 1658
f 143 2067 2069
f 535 2068 2067
f 534 2069 2068
f 2067 2068 2069
f 428 2066 2063
f 534 2068 2066
f 535 2063 2068
f 2066 2068 2063
f 137 2062 2052
f 533 2070 2062
f 531 2052 2070
f 2062 2070 2052
f 143 2069 2058
f 534 2071 2069
f 533 2058 2071
f 2069 2071 2058
f 113 2055 2065
f 531 2072 2055
f 534 2065 2072
f 2055 2072 2065
f 533 2071 2070
f 534 2072 2071
f 531 2070 2072
f 2071 2072 2070
f 9 2073 2003
f 536 2074 2073
f 519 2003 2074
f 2073 2074 2003
f 144 2075 2077
f 537 2076 2075
f 536 2077 2076
f 2075 2076 2077
f 140 2008 2079
f 519 2078 2008
f 537 2079 2078
f 2008 2078 2079
f 536 2076 2074
f 537 2078 2076
f 519 2074 2078
f 2076 2078 2074
f 42 2080 2082
f 538 2081 2080
f 540 2082 2081
f 2080 2081 2082
f 145 2083 2085
f 539 2084 2083
f 538 2085 2084
f 2083 2084 2085
f 144 2086 2088
f 540 2087 2086
f 539 2088 2087
f 2086 2087 2088
f 538 2084 2081
f 539 2087 2084
f 540 2081 2087
f 2084 2087 2081
f 41 2014 2090
f 524 2089 2014
f 542 2090 2089
f 2014 2089 2090
f 140 2091 2018
f 541 2092 2091
f 524 2018 2092
f 2091 2092 2018
f 145 2093 2095
f 542 2094 2093
f 541 2095 2094
f 2093 2094 2095
f 524 2092 2089
f 541 2094 2092
f 542 2089 2094
f 2092 2094 2089
f 144 2088 2075
f 539 2096 2088
f 537 2075 2096
f 2088 2096 2075
f 145 2095 2083
f 541 2097 2095
f 539 2083 2097
f 2095 2097 2083
f 140 2079 2091
f 537 2098 2079
f 541 2091 2098
f 2079 2098 2091
f 539 2097 2096
f 541 2098 2097
f 537 2096 2098
f 2097 2098 2096
f 10 1675 2100
f 434 2099 1675
f 544 2100 2099
f 1675 2099 2100
f 118 2101 1679
f 543 2102 2101
f 434 1679 2102
f 2101 2102 1679
f 147 2103 2105
f 544 2104 2103
f 543 2105 2104
f 2103 2104 2105
f 434 2102 2099
f 543 2104 2102
f 544 2099 2104
f 2102 2104 2099
f 33 2106 1691
f 545 2107 2106
f 438 1691 2107
f 2106 2107 1691
f 146 2108 2110
f 546 2109 2108
f 545 2110 2109
f 2108 2109 2110
f 118 1696 2112
f 438 2111 1696
f 546 2112 2111
f 1696 2111 2112
f 545 2109 2107
f 546 2111 2109
f 438 2107 2111
f 2109 2111 2107
f 42 2113 2115
f 547 2114 2113
f 549 2115 2114
f 2113 2114 2115
f 147 2116 2118
f 548 2117 2116
f 547 2118 2117
f 2116 2117 2118
f 146 2119 2121
f 549 2120 2119
f 548 2121 2120
f 2119 2120 2121
f 547 2117 2114
f 548 2120 2117
f 549 2114 2120
f 2117 2120 2114
f 118 2112 2101
f 546 2122 2112
f 543 2101 2122
f 2112 2122 2101
f 146 2121 2108
f 548 2123 2121
f 546 2108 2123
f 2121 2123 2108
f 147 2105 2116
f 543 2124 2105
f 548 2116 2124
f 2105 2124 2116
f 546 2123 2122
f 548 2124 2123
f 543 2122 2124
f 2123 2124 2122
f 41 2090 2056
f 542 2125 2090
f 532 2056 2125
f 2090 2125 2056
f 145 2126 2093
f 550 2127 2126
f 542 2093 2127
f 2126 2127 2093
f 143 2060 2129
f 532 2128 2060
f 550 2129 2128
f 2060 2128 2129
f 542 2127 2125
f 550 2128 2127
f 532 2125 2128
f 2127 2128 2125
f 42 2115 2080
f 549 2130 2115
f 538 2080 2130
f 2115 2130 2080
f 146 2131 2119
f 551 2132 2131
f 549 2119 2132
f 2131 2132 2119
f 145 2085 2134
f 538 2133 2085
f 551 2134 2133
f 2085 2133 2134
f 549 2132 2130
f 551 2133 2132
f 538 2130 2133
f 2132 2133 2130
f 33 2064 2106
f 535 2135 2064
f 545 2106 2135
f 2064 2135 2106
f 143 2136 2067
f 552 2137 2136
f 535 2067 2137
f 2136 2137 2067
f 146 2110 2139
f 545 2138 2110
f 552 2139 2138
f 2110 2138 2139
f 535 2137 2135
f 552 2138 2137
f 545 2135 2138
f 2137 2138 2135
f 145 2134 2126
f 551 2140 2134
f 550 2126 2140
f 2134 2140 2126
f 146 2139 2131
f 552 2141 2139
f 551 2131 2141
f 2139 2141 2131
f 143 2129 2136
f 550 2142 2129
f 552 2136 2142
f 2129 2142 2136
f 551 2141 2140
f 552 2142 2141
f 550 2140 2142
f 2141 2142 2140
f 5 1705 1295
f 443 2143 1705
f 333 1295 2143
f 1705 2143 1295
f 121 2144 1709
f 553 2145 2144
f 443 1709 2145
f 2144 2145 1709
f 89 1300 2147
f 333 2146 1300
f 553 2147 2146
f 1300 2146 2147
f 443 2145 2143
f 553 2146 2145
f 333 2143 2146
f 2145 2146 2143
f 34 2148 1721
f 554 2149 2148
f 447 1721 2149
f 2148 2149 1721
f 148 2150 2152
f 555 2151 2150
f 554 2152 2151
f 2150 2151 2152
f 121 1726 2154
f 447 2153 1726
f 555 2154 2153
f 1726 2153 2154
f 554 2151 2149
f 555 2153 2151
f 447 2149 2153
f 2151 2153 2149
f 26 1306 2156
f 338 2155 1306
f 557 2156 2155
f 1306 2155 2156
f 89 2157 1310
f 556 2158 2157
f 338 1310 2158
f 2157 2158 1310
f 148 2159 2161
f 557 2160 2159
f 556 2161 2160
f 2159 2160 2161
f 338 2158 2155
f 556 2160 2158
f 557 2155 2160
f 2158 2160 2155
f 121 2154 2144
f 555 2162 2154
f 553 2144 2162
f 2154 2162 2144
f 148 2161 2150
f 556 2163 2161
f 555 2150 2163
f 2161 2163 2150
f 89 2147 2157
f 553 2164 2147
f 556 2157 2164
f 2147 2164 2157
f 555 2163 2162
f 556 2164 2163
f 553 2162 2164
f 2163 2164 2162
f 10 1197 1673
f 309 2165 1197
f 432 1673 2165
f 1197 2165 1673
f 84 2166 1201
f 558 2167 2166
f 309 1201 2167
f 2166 2167 1201
f 116 1678 2169
f 432 2168 1678
f 558 2169 2168
f 1678 2168 2169
f 309 2167 2165
f 558 2168 2167
f 432 2165 2168
f 2167 2168 2165
f 23 2170 1213
f 559 2171 2170
f 313 1213 2171
f 2170 2171 1213
f 149 2172 2174
f 560 2173 2172
f 559 2174 2173
f 2172 2173 2174
f 84 1218 2176
f 313 2175 1218
f 560 2176 2175
f 1218 2175 2176
f 559 2173 2171
f 560 2175 2173
f 313 2171 2175
f 2173 2175 2171
f 34 1684 2178
f 437 2177 1684
f 562 2178 2177
f 1684 2177 2178
f 116 2179 1688
f 561 2180 2179
f 437 1688 2180
f 2179 2180 1688
f 149 2181 2183
f 562 2182 2181
f 561 2183 2182
f 2181 2182 2183
f 437 2180 2177
f 561 2182 2180
f 562 2177 2182
f 2180 2182 2177
f 84 2176 2166
f 560 2184 2176
f 558 2166 2184
f 2176 2184 2166
f 149 2183 2172
f 561 2185 2183
f 560 2172 2185
f 2183 2185 2172
f 116 2169 2179
f 558 2186 2169
f 561 2179 2186
f 2169 2186 2179
f 560 2185 2184
f 561 2186 2185
f 558 2184 2186
f 2185 2186 2184
f 6 1244 1169
f 320 2187 1244
f 300 1169 2187
f 1244 2187 1169
f 86 2188 1247
f 563 2189 2188
f 320 1247 2189
f 2188 2189 1247
f 80 1173 2191
f 300 2190 1173
f 563 2191 2190
f 1173 2190 2191
f 320 2189 2187
f 563 2190 2189
f 300 2187 2190
f 2189 2190 2187
f 26 2192 1257
f 564 2193 2192
f 323 1257 2193
f 2192 2193 1257
f 150 2194 2196
f 565 2195 2194
f 564 2196 2195
f 2194 2195 2196
f 86 1262 2198
f 323 2197 1262
f 565 2198 2197
f 1262 2197 2198
f 564 2195 2193
f 565 2197 2195
f 323 2193 2197
f 2195 2197 2193
f 23 1178 2200
f 304 2199 1178
f 567 2200 2199
f 1178 2199 2200
f 80 2201 1182
f 566 2202 2201
f 304 1182 2202
f 2201 2202 1182
f 150 2203 2205
f 567 2204 2203
f 566 2205 2204
f 2203 2204 2205
f 304 2202 2199
f 566 2204 2202
f 567 2199 2204
f 2202 2204 2199
f 86 2198 2188
f 565 2206 2198
f 563 2188 2206
f 2198 2206 2188
f 150 2205 2194
f 566 2207 2205
f 565 2194 2207
f 2205 2207 2194
f 80 2191 2201
f 563 2208 2191
f 566 2201 2208
f 2191 2208 2201
f 565 2207 2206
f 566 2208 2207
f 563 2206 2208
f 2207 2208 2206
f 34 2178 2148
f 562 2209 2178
f 554 2148 2209
f 2178 2209 2148
f 149 2210 2181
f 568 2211 2210
f 562 2181 2211
f 2210 2211 2181
f 148 2152 2213
f 554 2212 2152
f 568 2213 2212
f 2152 2212 2213
f 562 2211 2209
f 568 2212 2211
f 554 2209 2212
f 2211 2212 2209
f 23 2200 2170
f 567 2214 2200
f 559 2170 2214
f 2200 2214 2170
f 150 2215 2203
f 569 2216 2215
f 567 2203 2216
f 2215 2216 2203
f 149 2174 2218
f 559 2217 2174
f 569 2218 2217
f 2174 2217 2218
f 567 2216 2214
f 569 2217 2216
f 559 2214 2217
f 2216 2217 2214
f 26 2156 2192
f 557 2219 2156
f 564 2192 2219
f 2156 2219 2192
f 148 2220 2159
f 570 2221 2220
f 557 2159 2221
f 2220 2221 2159
f 150 2196 2223
f 564 2222 2196
f 570 2223 2222
f 2196 2222 2223
f 557 2221 2219
f 570 2222 2221
f 564 2219 2222
f 2221 2222 2219
f 149 2218 2210
f 569 2224 2218
f 568 2210 2224
f 2218 2224 2210
f 150 2223 2215
f 570 2225 2223
f 569 2215 2225
f 2223 2225 2215
f 148 2213 2220
f 568 2226 2213
f 570 2220 2226
f 2213 2226 2220
f 569 2225 2224
f 570 2226 2225
f 568 2224 2226
f 2225 2226 2224
f 3 1805 1395
f 469 2227 1805
f 359 1395 2227
f 1805 2227 1395
f 128 2228 1809
f 571 2229 2228
f 469 1809 2229
f 2228 2229 1809
f 96 1400 2231
f 359 2230 1400
f 571 2231 2230
f 1400 2230 2231
f 469 2229 2227
f 571 2230 2229
f 359 2227 2230
f 2229 2230 2227
f 36 2232 1821
f 572 2233 2232
f 473 1821 2233
f 2232 2233 1821
f 151 2234 2236
f 573 2235 2234
f 572 2236 2235
f 2234 2235 2236
f 128 1826 2238
f 473 2237 1826
f 573 2238 2237
f 1826 2237 2238
f 572 2235 2233
f 573 2237 2235
f 473 2233 2237
f 2235 2237 2233
f 28 1406 2240
f 364 2239 1406
f 575 2240 2239
f 1406 2239 2240
f 96 2241 1410
f 574 2242 2241
f 364 1410 2242
f 2241 2242 1410
f 151 2243 2245
f 575 2244 2243
f 574 2245 2244
f 2243 2244 2245
f 364 2242 2239
f 574 2244 2242
f 575 2239 2244
f 2242 2244 2239
f 128 2238 2228
f 573 2246 2238
f 571 2228 2246
f 2238 2246 2228
f 151 2245 2234
f 574 2247 2245
f 573 2234 2247
f 2245 2247 2234
f 96 2231 2241
f 571 2248 2231
f 574 2241 2248
f 2231 2248 2241
f 573 2247 2246
f 574 2248 2247
f 571 2246 2248
f 2247 2248 2246
f 5 1297 1777
f 335 2249 1297
f 460 1777 2249
f 1297 2249 1777
f 91 2250 1301
f 576 2251 2250
f 335 1301 2251
f 2250 2251 1301
f 124 1781 2253
f 460 2252 1781
f 576 2253 2252
f 1781 2252 2253
f 335 2251 2249
f 576 2252 2251
f 460 2249 2252
f 2251 2252 2249
f 25 2254 1313
f 577 2255 2254
f 339 1313 2255
f 2254 2255 1313
f 152 2256 2258
f 578 2257 2256
f 577 2258 2257
f 2256 2257 2258
f 91 1318 2260
f 339 2259 1318
f 578 2260 2259
f 1318 2259 2260
f 577 2257 2255
f 578 2259 2257
f 339 2255 2259
f 2257 2259 2255
f 36 1786 2262
f 464 2261 1786
f 580 2262 2261
f 1786 2261 2262
f 124 2263 1790
f 579 2264 2263
f 464 1790 2264
f 2263 2264 1790
f 152 2265 2267
f 580 2266 2265
f 579 2267 2266
f 2265 2266 2267
f 464 2264 2261
f 579 2266 2264
f 580 2261 2266
f 2264 2266 2261
f 91 2260 2250
f 578 2268 2260
f 576 2250 2268
f 2260 2268 2250
f 152 2267 2256
f 579 2269 2267
f 578 2256 2269
f 2267 2269 2256
f 124 2253 2263
f 576 2270 2253
f 579 2263 2270
f 2253 2270 2263
f 578 2269 2268
f 579 2270 2269
f 576 2268 2270
f 2269 2270 2268
f 12 1344 1269
f 346 2271 1344
f 326 1269 2271
f 1344 2271 1269
f 93 2272 1347
f 581 2273 2272
f 346 1347 2273
f 2272 2273 1347
f 87 1273 2275
f 326 2274 1273
f 581 2275 2274
f 1273 2274 2275
f 346 2273 2271
f 581 2274 2273
f 326 2271 2274
f 2273 2274 2271
f 28 2276 1357
f 582 2277 2276
f 349 1357 2277
f 2276 2277 1357
f 153 2278 2280
f 583 2279 2278
f 582 2280 2279
f 2278 2279 2280
f 93 1362 2282
f 349 2281 1362
f 583 2282 2281
f 1362 2281 2282
f 582 2279 2277
f 583 2281 2279
f 349 2277 2281
f 2279 2281 2277
f 25 1278 2284
f 330 2283 1278
f 585 2284 2283
f 1278 2283 2284
f 87 2285 1282
f 584 2286 2285
f 330 1282 2286
f 2285 2286 1282
f 153 2287 2289
f 585 2288 2287
f 584 2289 2288
f 2287 2288 2289
f 330 2286 2283
f 584 2288 2286
f 585 2283 2288
f 2286 2288 2283
f 93 2282 2272
f 583 2290 2282
f 581 2272 2290
f 2282 2290 2272
f 153 2289 2278
f 584 2291 2289
f 583 2278 2291
f 2289 2291 2278
f 87 2275 2285
f 581 2292 2275
f 584 2285 2292
f 2275 2292 2285
f 583 2291 2290
f 584 2292 2291
f 581 2290 2292
f 2291 2292 2290
f 36 2262 2232
f 580 2293 2262
f 572 2232 2293
f 2262 2293 2232
f 152 2294 2265
f 586 2295 2294
f 580 2265 2295
f 2294 2295 2265
f 151 2236 2297
f 572 2296 2236
f 586 2297 2296
f 2236 2296 2297
f 580 2295 2293
f 586 2296 2295
f 572 2293 2296
f 2295 2296 2293
f 25 2284 2254
f 585 2298 2284
f 577 2254 2298
f 2284 2298 2254
f 153 2299 2287
f 587 2300 2299
f 585 2287 2300
f 2299 2300 2287
f 152 2258 2302
f 577 2301 2258
f 587 2302 2301
f 2258 2301 2302
f 585 2300 2298
f 587 2301 2300
f 577 2298 2301
f 2300 2301 2298
f 28 2240 2276
f 575 2303 2240
f 582 2276 2303
f 2240 2303 2276
f 151 2304 2243
f 588 2305 2304
f 575 2243 2305
f 2304 2305 2243
f 153 2280 2307
f 582 2306 2280
f 588 2307 2306
f 2280 2306 2307
f 575 2305 2303
f 588 2306 2305
f 582 2303 2306
f 2305 2306 2303
f 152 2302 2294
f 587 2308 2302
f 586 2294 2308
f 2302 2308 2294
f 153 2307 2299
f 588 2309 2307
f 587 2299 2309
f 2307 2309 2299
f 151 2297 2304
f 586 2310 2297
f 588 2304 2310
f 2297 2310 2304
f 587 2309 2308
f 588 2310 2309
f 586 2308 2310
f 2309 2310 2308
f 7 1905 1495
f 495 2311 1905
f 385 1495 2311
f 1905 2311 1495
f 135 2312 1909
f 589 2313 2312
f 495 1909 2313
f 2312 2313 1909
f 103 1500 2315
f 385 2314 1500
f 589 2315 2314
f 1500 2314 2315
f 495 2313 2311
f 589 2314 2313
f 385 2311 2314
f 2313 2314 2311
f 38 2316 1921
f 590 2317 2316
f 499 1921 2317
f 2316 2317 1921
f 154 2318 2320
f 591 2319 2318
f 590 2320 2319
f 2318 2319 2320
f 135 1926 2322
f 499 2321 1926
f 591 2322 2321
f 1926 2321 2322
f 590 2319 2317
f 591 2321 2319
f 499 2317 2321
f 2319 2321 2317
f 30 1506 2324
f 390 2323 1506
f 593 2324 2323
f 1506 2323 2324
f 103 2325 1510
f 592 2326 2325
f 390 1510 2326
f 2325 2326 1510
f 154 2327 2329
f 593 2328 2327
f 592 2329 2328
f 2327 2328 2329
f 390 2326 2323
f 592 2328 2326
f 593 2323 2328
f 2326 2328 2323
f 135 2322 2312
f 591 2330 2322
f 589 2312 2330
f 2322 2330 2312
f 154 2329 2318
f 592 2331 2329
f 591 2318 2331
f 2329 2331 2318
f 103 2315 2325
f 589 2332 2315
f 592 2325 2332
f 2315 2332 2325
f 591 2331 2330
f 592 2332 2331
f 589 2330 2332
f 2331 2332 2330
f 3 1397 1877
f 361 2333 1397
f 486 1877 2333
f 1397 2333 1877
f 98 2334 1401
f 594 2335 2334
f 361 1401 2335
f 2334 2335 1401
f 131 1881 2337
f 486 2336 1881
f 594 2337 2336
f 1881 2336 2337
f 361 2335 2333
f 594 2336 2335
f 486 2333 2336
f 2335 2336 2333
f 27 2338 1413
f 595 2339 2338
f 365 1413 2339
f 2338 2339 1413
f 155 2340 2342
f 596 2341 2340
f 595 2342 2341
f 2340 2341 2342
f 98 1418 2344
f 365 2343 1418
f 596 2344 2343
f 1418 2343 2344
f 595 2341 2339
f 596 2343 2341
f 365 2339 2343
f 2341 2343 2339
f 38 1886 2346
f 490 2345 1886
f 598 2346 2345
f 1886 2345 2346
f 131 2347 1890
f 597 2348 2347
f 490 1890 2348
f 2347 2348 1890
f 155 2349 2351
f 598 2350 2349
f 597 2351 2350
f 2349 2350 2351
f 490 2348 2345
f 597 2350 2348
f 598 2345 2350
f 2348 2350 2345
f 98 2344 2334
f 596 2352 2344
f 594 2334 2352
f 2344 2352 2334
f 155 2351 2340
f 597 2353 2351
f 596 2340 2353
f 2351 2353 2340
f 131 2337 2347
f 594 2354 2337
f 597 2347 2354
f 2337 2354 2347
f 596 2353 2352
f 597 2354 2353
f 594 2352 2354
f 2353 2354 2352
f 11 1444 1369
f 372 2355 1444
f 352 1369 2355
f 1444 2355 1369
f 100 2356 1447
f 599 2357 2356
f 372 1447 2357
f 2356 2357 1447
f 94 1373 2359
f 352 2358 1373
f 599 2359 2358
f 1373 2358 2359
f 372 2357 2355
f 599 2358 2357
f 352 2355 2358
f 2357 2358 2355
f 30 2360 1457
f 600 2361 2360
f 375 1457 2361
f 2360 2361 1457
f 156 2362 2364
f 601 2363 2362
f 600 2364 2363
f 2362 2363 2364
f 100 1462 2366
f 375 2365 1462
f 601 2366 2365
f 1462 2365 2366
f 600 2363 2361
f 601 2365 2363
f 375 2361 2365
f 2363 2365 2361
f 27 1378 2368
f 356 2367 1378
f 603 2368 2367
f 1378 2367 2368
f 94 2369 1382
f 602 2370 2369
f 356 1382 2370
f 2369 2370 1382
f 156 2371 2373
f 603 2372 2371
f 602 2373 2372
f 2371 2372 2373
f 356 2370 2367
f 602 2372 2370
f 603 2367 2372
f 2370 2372 2367
f 100 2366 2356
f 601 2374 2366
f 599 2356 2374
f 2366 2374 2356
f 156 2373 2362
f 602 2375 2373
f 601 2362 2375
f 2373 2375 2362
f 94 2359 2369
f 599 2376 2359
f 602 2369 2376
f 2359 2376 2369
f 601 2375 2374
f 602 2376 2375
f 599 2374 2376
f 2375 2376 2374
f 38 2346 2316
f 598 2377 2346
f 590 2316 2377
f 2346 2377 2316
f 155 2378 2349
f 604 2379 2378
f 598 2349 2379
f 2378 2379 2349
f 154 2320 2381
f 590 2380 2320
f 604 2381 2380
f 2320 2380 2381
f 598 2379 2377
f 604 2380 2379
f 590 2377 2380
f 2379 2380 2377
f 27 2368 2338
f 603 2382 2368
f 595 2338 2382
f 2368 2382 2338
f 156 2383 2371
f 605 2384 2383
f 603 2371 2384
f 2383 2384 2371
f 155 2342 2386
f 595 2385 2342
f 605 2386 2385
f 2342 2385 2386
f 603 2384 2382
f 605 2385 2384
f 595 2382 2385
f 2384 2385 2382
f 30 2324 2360
f 593 2387 2324
f 600 2360 2387
f 2324 2387 2360
f 154 2388 2327
f 606 2389 2388
f 593 2327 2389
f 2388 2389 2327
f 156 2364 2391
f 600 2390 2364
f 606 2391 2390
f 2364 2390 2391
f 593 2389 2387
f 606 2390 2389
f 600 2387 2390
f 2389 2390 2387
f 155 2386 2378
f 605 2392 2386
f 604 2378 2392
f 2386 2392 2378
f 156 2391 2383
f 606 2393 2391
f 605 2383 2393
f 2391 2393 2383
f 154 2381 2388
f 604 2394 2381
f 606 2388 2394
f 2381 2394 2388
f 605 2393 2392
f 606 2394 2393
f 604 2392 2394
f 2393 2394 2392
f 9 2005 1595
f 521 2395 2005
f 411 1595 2395
f 2005 2395 1595
f 142 2396 2009
f 607 2397 2396
f 521 2009 2397
f 2396 2397 2009
f 110 1600 2399
f 411 2398 1600
f 607 2399 2398
f 1600 2398 2399
f 521 2397 2395
f 607 2398 2397
f 411 2395 2398
f 2397 2398 2395
f 40 2400 2021
f 608 2401 2400
f 525 2021 2401
f 2400 2401 2021
f 157 2402 2404
f 609 2403 2402
f 608 2404 2403
f 2402 2403 2404
f 142 2026 2406
f 525 2405 2026
f 609 2406 2405
f 2026 2405 2406
f 608 2403 2401
f 609 2405 2403
f 525 2401 2405
f 2403 2405 2401
f 32 1606 2408
f 416 2407 1606
f 611 2408 2407
f 1606 2407 2408
f 110 2409 1610
f 610 2410 2409
f 416 1610 2410
f 2409 2410 1610
f 157 2411 2413
f 611 2412 2411
f 610 2413 2412
f 2411 2412 2413
f 416 2410 2407
f 610 2412 2410
f 611 2407 2412
f 2410 2412 2407
f 142 2406 2396
f 609 2414 2406
f 607 2396 2414
f 2406 2414 2396
f 157 2413 2402
f 610 2415 2413
f 609 2402 2415
f 2413 2415 2402
f 110 2399 2409
f 607 2416 2399
f 610 2409 2416
f 2399 2416 2409
f 609 2415 2414
f 610 2416 2415
f 607 2414 2416
f 2415 2416 2414
f 7 1497 1977
f 387 2417 1497
f 512 1977 2417
f 1497 2417 1977
f 105 2418 1501
f 612 2419 2418
f 387 1501 2419
f 2418 2419 1501
f 138 1981 2421
f 512 2420 1981
f 612 2421 2420
f 1981 2420 2421
f 387 2419 2417
f 612 2420 2419
f 512 2417 2420
f 2419 2420 2417
f 29 2422 1513
f 613 2423 2422
f 391 1513 2423
f 2422 2423 1513
f 158 2424 2426
f 614 2425 2424
f 613 2426 2425
f 2424 2425 2426
f 105 1518 2428
f 391 2427 1518
f 614 2428 2427
f 1518 2427 2428
f 613 2425 2423
f 614 2427 2425
f 391 2423 2427
f 2425 2427 2423
f 40 1986 2430
f 516 2429 1986
f 616 2430 2429
f 1986 2429 2430
f 138 2431 1990
f 615 2432 2431
f 516 1990 2432
f 2431 2432 1990
f 158 2433 2435
f 616 2434 2433
f 615 2435 2434
f 2433 2434 2435
f 516 2432 2429
f 615 2434 2432
f 616 2429 2434
f 2432 2434 2429
f 105 2428 2418
f 614 2436 2428
f 612 2418 2436
f 2428 2436 2418
f 158 2435 2424
f 615 2437 2435
f 614 2424 2437
f 2435 2437 2424
f 138 2421 2431
f 612 2438 2421
f 615 2431 2438
f 2421 2438 2431
f 614 2437 2436
f 615 2438 2437
f 612 2436 2438
f 2437 2438 2436
f 8 1544 1469
f 398 2439 1544
f 378 1469 2439
f 1544 2439 1469
f 107 2440 1547
f 617 2441 2440
f 398 1547 2441
f 2440 2441 1547
f 101 1473 2443
f 378 2442 1473
f 617 2443 2442
f 1473 2442 2443
f 398 2441 2439
f 617 2442 2441
f 378 2439 2442
f 2441 2442 2439
f 32 2444 1557
f 618 2445 2444
f 401 1557 2445
f 2444 2445 1557
f 159 2446 2448
f 619 2447 2446
f 618 2448 2447
f 2446 2447 2448
f 107 1562 2450
f 401 2449 1562
f 619 2450 2449
f 1562 2449 2450
f 618 2447 2445
f 619 2449 2447
f 401 2445 2449
f 2447 2449 2445
f 29 1478 2452
f 382 2451 1478
f 621 2452 2451
f 1478 2451 2452
f 101 2453 1482
f 620 2454 2453
f 382 1482 2454
f 2453 2454 1482
f 159 2455 2457
f 621 2456 2455
f 620 2457 2456
f 2455 2456 2457
f 382 2454 2451
f 620 2456 2454
f 621 2451 2456
f 2454 2456 2451
f 107 2450 2440
f 619 2458 2450
f 617 2440 2458
f 2450 2458 2440
f 159 2457 2446
f 620 2459 2457
f 619 2446 2459
f 2457 2459 2446
f 101 2443 2453
f 617 2460 2443
f 620 2453 2460
f 2443 2460 2453
f 619 2459 2458
f 620 2460 2459
f 617 2458 2460
f 2459 2460 2458
f 40 2430 2400
f 616 2461 2430
f 608 2400 2461
f 2430 2461 2400
f 158 2462 2433
f 622 2463 2462
f 616 2433 2463
f 2462 2463 2433
f 157 2404 2465
f 608 2464 2404
f 622 2465 2464
f 2404 2464 2465
f 616 2463 2461
f 622 2464 2463
f 608 2461 2464
f 2463 2464 2461
f 29 2452 2422
f 621 2466 2452
f 613 2422 2466
f 2452 2466 2422
f 159 2467 2455
f 623 2468 2467
f 621 2455 2468
f 2467 2468 2455
f 158 2426 2470
f 613 2469 2426
f 623 2470 2469
f 2426 2469 2470
f 621 2468 2466
f 623 2469 2468
f 613 2466 2469
f 2468 2469 2466
f 32 2408 2444
f 611 2471 2408
f 618 2444 2471
f 2408 2471 2444
f 157 2472 2411
f 624 2473 2472
f 611 2411 2473
f 2472 2473 2411
f 159 2448 2475
f 618 2474 2448
f 624 2475 2474
f 2448 2474 2475
f 611 2473 2471
f 624 2474 2473
f 618 2471 2474
f 2473 2474 2471
f 158 2470 2462
f 623 2476 2470
f 622 2462 2476
f 2470 2476 2462
f 159 2475 2467
f 624 2477 2475
f 623 2467 2477
f 2475 2477 2467
f 157 2465 2472
f 622 2478 2465
f 624 2472 2478
f 2465 2478 2472
f 623 2477 2476
f 624 2478 2477
f 622 2476 2478
f 2477 2478 2476
f 10 2100 1195
f 544 2479 2100
f 307 1195 2479
f 2100 2479 1195
f 147 2480 2103
f 625 2481 2480
f 544 2103 2481
f 2480 2481 2103
f 82 1200 2483
f 307 2482 1200
f 625 2483 2482
f 1200 2482 2483
f 544 2481 2479
f 625 2482 2481
f 307 2479 2482
f 2481 2482 2479
f 42 2484 2113
f 626 2485 2484
f 547 2113 2485
f 2484 2485 2113
f 160 2486 2488
f 627 2487 2486
f 626 2488 2487
f 2486 2487 2488
f 147 2118 2490
f 547 2489 2118
f 627 2490 2489
f 2118 2489 2490
f 626 2487 2485
f 627 2489 2487
f 547 2485 2489
f 2487 2489 2485
f 24 1206 2492
f 312 2491 1206
f 629 2492 2491
f 1206 2491 2492
f 82 2493 1210
f 628 2494 2493
f 312 1210 2494
f 2493 2494 1210
f 160 2495 2497
f 629 2496 2495
f 628 2497 2496
f 2495 2496 2497
f 312 2494 2491
f 628 2496 2494
f 629 2491 2496
f 2494 2496 2491
f 147 2490 2480
f 627 2498 2490
f 625 2480 2498
f 2490 2498 2480
f 160 2497 2486
f 628 2499 2497
f 627 2486 2499
f 2497 2499 2486
f 82 2483 2493
f 625 2500 2483
f 628 2493 2500
f 2483 2500 2493
f 627 2499 2498
f 628 2500 2499
f 625 2498 2500
f 2499 2500 2498
f 9 1597 2073
f 413 2501 1597
f 536 2073 2501
f 1597 2501 2073
f 112 2502 1601
f 630 2503 2502
f 413 1601 2503
f 2502 2503 1601
f 144 2077 2505
f 536 2504 2077
f 630 2505 2504
f 2077 2504 2505
f 413 2503 2501
f 630 2504 2503
f 536 2501 2504
f 2503 2504 2501
f 31 2506 1613
f 631 2507 2506
f 417 1613 2507
f 2506 2507 1613
f 161 2508 2510
f 632 2509 2508
f 631 2510 2509
f 2508 2509 2510
f 112 1618 2512
f 417 2511 1618
f 632 2512 2511
f 1618 2511 2512
f 631 2509 2507
f 632 2511 2509
f 417 2507 2511
f 2509 2511 2507
f 42 2082 2514
f 540 2513 2082
f 634 2514 2513
f 2082 2513 2514
f 144 2515 2086
f 633 2516 2515
f 540 2086 2516
f 2515 2516 2086
f 161 2517 2519
f 634 2518 2517
f 633 2519 2518
f 2517 2518 2519
f 540 2516 2513
f 633 2518 2516
f 634 2513 2518
f 2516 2518 2513
f 112 2512 2502
f 632 2520 2512
f 630 2502 2520
f 2512 2520 2502
f 161 2519 2508
f 633 2521 2519
f 632 2508 2521
f 2519 2521 2508
f 144 2505 2515
f 630 2522 2505
f 633 2515 2522
f 2505 2522 2515
f 632 2521 2520
f 633 2522 2521
f 630 2520 2522
f 2521 2522 2520
f 2 1144 1569
f 294 2523 1144
f 404 1569 2523
f 1144 2523 1569
f 79 2524 1147
f 635 2525 2524
f 294 1147 2525
f 2524 2525 1147
f 108 1573 2527
f 404 2526 1573
f 635 2527 2526
f 1573 2526 2527
f 294 2525 2523
f 635 2526 2525
f 404 2523 2526
f 2525 2526 2523
f 24 2528 1157
f 636 2529 2528
f 297 1157 2529
f 2528 2529 1157
f 162 2530 2532
f 637 2531 2530
f 636 2532 2531
f 2530 2531 2532
f 79 1162 2534
f 297 2533 1162
f 637 2534 2533
f 1162 2533 2534
f 636 2531 2529
f 637 2533 2531
f 297 2529 2533
f 2531 2533 2529
f 31 1578 2536
f 408 2535 1578
f 639 2536 2535
f 1578 2535 2536
f 108 2537 1582
f 638 2538 2537
f 408 1582 2538
f 2537 2538 1582
f 162 2539 2541
f 639 2540 2539
f 638 2541 2540
f 2539 2540 2541
f 408 2538 2535
f 638 2540 2538
f 639 2535 2540
f 2538 2540 2535
f 79 2534 2524
f 637 2542 2534
f 635 2524 2542
f 2534 2542 2524
f 162 2541 2530
f 638 2543 2541
f 637 2530 2543
f 2541 2543 2530
f 108 2527 2537
f 635 2544 2527
f 638 2537 2544
f 2527 2544 2537
f 637 2543 2542
f 638 2544 2543
f 635 2542 2544
f 2543 2544 2542
f 42 2514 2484
f 634 2545 2514
f 626 2484 2545
f 2514 2545 2484
f 161 2546 2517
f 640 2547 2546
f 634 2517 2547
f 2546 2547 2517
f 160 2488 2549
f 626 2548 2488
f 640 2549 2548
f 2488 2548 2549
f 634 2547 2545
f 640 2548 2547
f 626 2545 2548
f 2547 2548 2545
f 31 2536 2506
f 639 2550 2536
f 631 2506 2550
f 2536 2550 2506
f 162 2551 2539
f 641 2552 2551
f 639 2539 2552
f 2551 2552 2539
f 161 2510 2554
f 631 2553 2510
f 641 2554 2553
f 2510 2553 2554
f 639 2552 2550
f 641 2553 2552
f 631 2550 2553
f 2552 2553 2550
f 24 2492 2528
f 629 2555 2492
f 636 2528 2555
f 2492 2555 2528
f 160 2556 2495
f 642 2557 2556
f 629 2495 2557
f 2556 2557 2495
f 162 2532 2559
f 636 2558 2532
f 642 2559 2558
f 2532 2558 2559
f 629 2557 2555
f 642 2558 2557
f 636 2555 2558
f 2557 2558 2555
f 161 2554 2546
f 641 2560 2554
f 640 2546 2560
f 2554 2560 2546
f 162 2559 2551
f 642 2561 2559
f 641 2551 2561
f 2559 2561 2551
f 160 2549 2556
f 640 2562 2549
f 642 2556 2562
f 2549 2562 2556
f 641 2561 2560
f 642 2562 2561
f 640 2560 2562
f 2561 2562 2560
